Longitude (x),Latitude (y),Station Name,Climate ID,Date/Time,Year,Month,Day,Time,Temp (°C),Temp Flag,Dew Point Temp (°C),Dew Point Temp Flag,Rel Hum (%),Rel Hum Flag,Wind Dir (10s deg),Wind Dir Flag,Wind Spd (km/h),Wind Spd Flag,Visibility (km),Visibility Flag,Stn Press (kPa),Stn Press Flag,Hmdx,Hmdx Flag,Wind Chill,Wind Chill Flag,Weather
-79.4,43.63,TORONTO CITY CENTRE,6158359,11/1/2020 0:00,2020,11,1,0:00,8.9,,3.7,,70,,20,,22,,16.1,,100.7,,,,,,NA
-79.4,43.63,TORONTO CITY CENTRE,6158359,11/1/2020 1:00,2020,11,1,1:00,9.3,,4.5,,72,,19,,24,,16.1,,100.56,,,,,,NA
-79.4,43.63,TORONTO CITY CENTRE,6158359,11/1/2020 2:00,2020,11,1,2:00,10,,4.8,,70,,19,,22,,16.1,,100.4,,,,,,NA
-79.4,43.63,TORONTO CITY CENTRE,6158359,11/1/2020 3:00,2020,11,1,3:00,10.6,,4.8,,67,,20,,30,,16.1,,100.22,,,,,,NA
-79.4,43.63,TORONTO CITY CENTRE,6158359,11/1/2020 4:00,2020,11,1,4:00,11,,6,,71,,21,,32,,16.1,,100.01,,,,,,NA
-79.4,43.63,TORONTO CITY CENTRE,6158359,11/1/2020 5:00,2020,11,1,5:00,11.2,,6.7,,74,,20,,28,,16.1,,99.8,,,,,,NA
-79.4,43.63,TORONTO CITY CENTRE,6158359,11/1/2020 6:00,2020,11,1,6:00,11.5,,7,,74,,20,,30,,16.1,,99.62,,,,,,NA
-79.4,43.63,TORONTO CITY CENTRE,6158359,11/1/2020 7:00,2020,11,1,7:00,11.8,,7.4,,74,,20,,34,,16.1,,99.46,,,,,,NA
-79.4,43.63,TORONTO CITY CENTRE,6158359,11/1/2020 8:00,2020,11,1,8:00,12,,8.1,,77,,20,,30,,16.1,,99.33,,,,,,Rain
-79.4,43.63,TORONTO CITY CENTRE,6158359,11/1/2020 9:00,2020,11,1,9:00,11.1,,8.9,,86,,22,,52,,16.1,,99.27,,,,,,Rain
-79.4,43.63,TORONTO CITY CENTRE,6158359,11/1/2020 10:00,2020,11,1,10:00,8.5,,4.9,,78,,26,,48,,16.1,,99.32,,,,,,Rain
-79.4,43.63,TORONTO CITY CENTRE,6158359,11/1/2020 11:00,2020,11,1,11:00,7.9,,4.5,,79,,27,,24,,16.1,,99.34,,,,,,NA
-79.4,43.63,TORONTO CITY CENTRE,6158359,11/1/2020 12:00,2020,11,1,12:00,9,,0.8,,57,,27,,30,,16.1,,99.36,,,,,,NA
-79.4,43.63,TORONTO CITY CENTRE,6158359,11/1/2020 13:00,2020,11,1,13:00,8.9,,-0.2,,53,,26,,35,,16.1,,99.39,,,,,,NA
-79.4,43.63,TORONTO CITY CENTRE,6158359,11/1/2020 14:00,2020,11,1,14:00,8.2,,-0.3,,55,,29,,45,,16.1,,99.47,,,,,,NA
-79.4,43.63,TORONTO CITY CENTRE,6158359,11/1/2020 15:00,2020,11,1,15:00,6.8,,-0.4,,60,,27,,45,,16.1,,99.64,,,,,,NA
-79.4,43.63,TORONTO CITY CENTRE,6158359,11/1/2020 16:00,2020,11,1,16:00,3.6,,1.4,,85,,28,,35,,16.1,,99.79,,,,,,Rain
-79.4,43.63,TORONTO CITY CENTRE,6158359,11/1/2020 17:00,2020,11,1,17:00,3.9,,-2.4,,63,,26,,43,,16.1,,99.86,,,,,,NA
-79.4,43.63,TORONTO CITY CENTRE,6158359,11/1/2020 18:00,2020,11,1,18:00,3,,-2.7,,66,,26,,37,,16.1,,99.94,,,,,,NA
-79.4,43.63,TORONTO CITY CENTRE,6158359,11/1/2020 19:00,2020,11,1,19:00,2.8,,-0.2,,81,,24,,43,,16.1,,99.94,,,,,,NA
-79.4,43.63,TORONTO CITY CENTRE,6158359,11/1/2020 20:00,2020,11,1,20:00,3.1,,0.2,,82,,25,,35,,16.1,,99.93,,,,,,Rain
-79.4,43.63,TORONTO CITY CENTRE,6158359,11/1/2020 21:00,2020,11,1,21:00,2.9,,-0.8,,76,,28,,35,,16.1,,99.93,,,,,,NA
-79.4,43.63,TORONTO CITY CENTRE,6158359,11/1/2020 22:00,2020,11,1,22:00,1,,-0.1,,93,,29,,26,,3.6,,100.01,,,,,,Snow
-79.4,43.63,TORONTO CITY CENTRE,6158359,11/1/2020 23:00,2020,11,1,23:00,1.6,,0,,89,,31,,24,,16.1,,100.06,,,,,,NA
-79.4,43.63,TORONTO CITY CENTRE,6158359,11/2/2020 0:00,2020,11,2,0:00,1.4,,-2.2,,77,,32,,26,,16.1,,100.2,,,,,,NA
-79.4,43.63,TORONTO CITY CENTRE,6158359,11/2/2020 1:00,2020,11,2,1:00,0.9,,-2.2,,80,,32,,24,,16.1,,100.29,,,,,,NA
-79.4,43.63,TORONTO CITY CENTRE,6158359,11/2/2020 2:00,2020,11,2,2:00,0.6,,-3.3,,75,,31,,24,,16.1,,100.43,,,,,,NA
-79.4,43.63,TORONTO CITY CENTRE,6158359,11/2/2020 3:00,2020,11,2,3:00,0.7,,-4,,71,,31,,35,,16.1,,100.48,,,,,,NA
-79.4,43.63,TORONTO CITY CENTRE,6158359,11/2/2020 4:00,2020,11,2,4:00,0.3,,-5.3,,66,,32,,34,,16.1,,100.58,,,,,,NA
-79.4,43.63,TORONTO CITY CENTRE,6158359,11/2/2020 5:00,2020,11,2,5:00,-0.2,,-4.9,,71,,33,,15,,16.1,,100.7,,,,-5,,NA
-79.4,43.63,TORONTO CITY CENTRE,6158359,11/2/2020 6:00,2020,11,2,6:00,-0.4,,-5.9,,66,,30,,15,,16.1,,100.78,,,,-5,,NA
-79.4,43.63,TORONTO CITY CENTRE,6158359,11/2/2020 7:00,2020,11,2,7:00,-0.9,,-5.6,,71,,29,,28,,16.1,,100.83,,,,-7,,NA
-79.4,43.63,TORONTO CITY CENTRE,6158359,11/2/2020 8:00,2020,11,2,8:00,-0.3,,-5.8,,66,,29,,21,,16.1,,100.89,,,,-6,,NA
-79.4,43.63,TORONTO CITY CENTRE,6158359,11/2/2020 9:00,2020,11,2,9:00,0.4,,-6.4,,61,,29,,26,,16.1,,100.93,,,,,,NA
-79.4,43.63,TORONTO CITY CENTRE,6158359,11/2/2020 10:00,2020,11,2,10:00,0.9,,-5.5,,62,,29,,24,,16.1,,100.9,,,,,,NA
-79.4,43.63,TORONTO CITY CENTRE,6158359,11/2/2020 11:00,2020,11,2,11:00,2.4,,-4.4,,61,,28,,30,,16.1,,100.81,,,,,,NA
-79.4,43.63,TORONTO CITY CENTRE,6158359,11/2/2020 12:00,2020,11,2,12:00,3.7,,-3.5,,59,,28,,26,,16.1,,100.72,,,,,,NA
-79.4,43.63,TORONTO CITY CENTRE,6158359,11/2/2020 13:00,2020,11,2,13:00,4.7,,-3.4,,56,,28,,32,,16.1,,100.56,,,,,,NA
-79.4,43.63,TORONTO CITY CENTRE,6158359,11/2/2020 14:00,2020,11,2,14:00,4.7,,-3.8,,54,,26,,35,,16.1,,100.48,,,,,,NA
-79.4,43.63,TORONTO CITY CENTRE,6158359,11/2/2020 15:00,2020,11,2,15:00,4.9,,-4.5,,51,,27,,43,,16.1,,100.34,,,,,,NA
-79.4,43.63,TORONTO CITY CENTRE,6158359,11/2/2020 16:00,2020,11,2,16:00,4.9,,-2.5,,59,,24,,37,,16.1,,100.22,,,,,,NA
-79.4,43.63,TORONTO CITY CENTRE,6158359,11/2/2020 17:00,2020,11,2,17:00,5.5,,-3,,54,,24,,37,,16.1,,100.14,,,,,,NA
-79.4,43.63,TORONTO CITY CENTRE,6158359,11/2/2020 18:00,2020,11,2,18:00,5.8,,-3.4,,52,,24,,39,,16.1,,99.98,,,,,,NA
-79.4,43.63,TORONTO CITY CENTRE,6158359,11/2/2020 19:00,2020,11,2,19:00,5.8,,-3.1,,53,,24,,43,,16.1,,99.86,,,,,,NA
-79.4,43.63,TORONTO CITY CENTRE,6158359,11/2/2020 20:00,2020,11,2,20:00,6.2,,-3.6,,50,,26,,30,,16.1,,99.83,,,,,,NA
-79.4,43.63,TORONTO CITY CENTRE,6158359,11/2/2020 21:00,2020,11,2,21:00,7.1,,-2.6,,50,,27,,39,,16.1,,99.77,,,,,,NA
-79.4,43.63,TORONTO CITY CENTRE,6158359,11/2/2020 22:00,2020,11,2,22:00,7.7,,-1.2,,53,,29,,45,,16.1,,99.82,,,,,,NA
-79.4,43.63,TORONTO CITY CENTRE,6158359,11/2/2020 23:00,2020,11,2,23:00,7.7,,-0.3,,57,,28,,37,,16.1,,99.9,,,,,,NA
-79.4,43.63,TORONTO CITY CENTRE,6158359,11/3/2020 0:00,2020,11,3,0:00,7.9,,0.2,,58,,28,,41,,16.1,,99.93,,,,,,NA
-79.4,43.63,TORONTO CITY CENTRE,6158359,11/3/2020 1:00,2020,11,3,1:00,7.9,,0.4,,59,,27,,37,,16.1,,99.92,,,,,,NA
-79.4,43.63,TORONTO CITY CENTRE,6158359,11/3/2020 2:00,2020,11,3,2:00,7.6,,0.6,,61,,28,,32,,16.1,,99.93,,,,,,NA
-79.4,43.63,TORONTO CITY CENTRE,6158359,11/3/2020 3:00,2020,11,3,3:00,7.2,,0.9,,64,,28,,26,,16.1,,100.05,,,,,,NA
-79.4,43.63,TORONTO CITY CENTRE,6158359,11/3/2020 4:00,2020,11,3,4:00,6.7,,1.4,,69,,28,,18,,16.1,,100.15,,,,,,NA
-79.4,43.63,TORONTO CITY CENTRE,6158359,11/3/2020 5:00,2020,11,3,5:00,6.6,,1.7,,71,,28,,15,,16.1,,100.28,,,,,,NA
-79.4,43.63,TORONTO CITY CENTRE,6158359,11/3/2020 6:00,2020,11,3,6:00,7,,2.2,,71,,34,,13,,16.1,,100.48,,,,,,NA
-79.4,43.63,TORONTO CITY CENTRE,6158359,11/3/2020 7:00,2020,11,3,7:00,6.3,,0.2,,65,,34,,11,,16.1,,100.6,,,,,,NA
-79.4,43.63,TORONTO CITY CENTRE,6158359,11/3/2020 8:00,2020,11,3,8:00,5.5,,0,,68,,36,,17,,16.1,,100.74,,,,,,NA
-79.4,43.63,TORONTO CITY CENTRE,6158359,11/3/2020 9:00,2020,11,3,9:00,5.4,,-1.5,,61,,34,,13,,16.1,,100.83,,,,,,NA
-79.4,43.63,TORONTO CITY CENTRE,6158359,11/3/2020 10:00,2020,11,3,10:00,5.1,,-2.8,,57,,33,,15,,16.1,,100.94,,,,,,NA
-79.4,43.63,TORONTO CITY CENTRE,6158359,11/3/2020 11:00,2020,11,3,11:00,5.6,,-2.5,,56,,32,,11,,16.1,,101.02,,,,,,NA
-79.4,43.63,TORONTO CITY CENTRE,6158359,11/3/2020 12:00,2020,11,3,12:00,5.8,,-2.1,,57,,34,,9,,16.1,,101.06,,,,,,NA
-79.4,43.63,TORONTO CITY CENTRE,6158359,11/3/2020 13:00,2020,11,3,13:00,6.3,,-1.3,,58,,31,,5,,16.1,,101.06,,,,,,NA
-79.4,43.63,TORONTO CITY CENTRE,6158359,11/3/2020 14:00,2020,11,3,14:00,6,,-1.2,,60,,11,,11,,16.1,,101.09,,,,,,NA
-79.4,43.63,TORONTO CITY CENTRE,6158359,11/3/2020 15:00,2020,11,3,15:00,5.9,,-0.8,,62,,9,,11,,16.1,,101.08,,,,,,NA
-79.4,43.63,TORONTO CITY CENTRE,6158359,11/3/2020 16:00,2020,11,3,16:00,5.9,,-1.5,,59,,9,,17,,16.1,,101.08,,,,,,NA
-79.4,43.63,TORONTO CITY CENTRE,6158359,11/3/2020 17:00,2020,11,3,17:00,5.5,,-1,,63,,9,,15,,16.1,,101.12,,,,,,NA
-79.4,43.63,TORONTO CITY CENTRE,6158359,11/3/2020 18:00,2020,11,3,18:00,5.6,,0,,67,,9,,18,,16.1,,101.12,,,,,,NA
-79.4,43.63,TORONTO CITY CENTRE,6158359,11/3/2020 19:00,2020,11,3,19:00,5.7,,1.4,,74,,9,,15,,16.1,,101.17,,,,,,NA
-79.4,43.63,TORONTO CITY CENTRE,6158359,11/3/2020 20:00,2020,11,3,20:00,5.8,,1.5,,74,,10,,15,,16.1,,101.15,,,,,,NA
-79.4,43.63,TORONTO CITY CENTRE,6158359,11/3/2020 21:00,2020,11,3,21:00,5.9,,2.7,,80,,8,,21,,16.1,,101.1,,,,,,NA
-79.4,43.63,TORONTO CITY CENTRE,6158359,11/3/2020 22:00,2020,11,3,22:00,6.1,,3.7,,85,,8,,15,,16.1,,101.09,,,,,,NA
-79.4,43.63,TORONTO CITY CENTRE,6158359,11/3/2020 23:00,2020,11,3,23:00,6,,4.3,,89,,7,,11,,16.1,,101.08,,,,,,NA
-79.4,43.63,TORONTO CITY CENTRE,6158359,11/4/2020 0:00,2020,11,4,0:00,6,,4.5,,90,,6,,18,,16.1,,101.11,,,,,,NA
-79.4,43.63,TORONTO CITY CENTRE,6158359,11/4/2020 1:00,2020,11,4,1:00,6.4,,4.9,,90,,7,,18,,16.1,,101.11,,,,,,NA
-79.4,43.63,TORONTO CITY CENTRE,6158359,11/4/2020 2:00,2020,11,4,2:00,6.8,,5.6,,92,,8,,11,,16.1,,101.14,,,,,,NA
-79.4,43.63,TORONTO CITY CENTRE,6158359,11/4/2020 3:00,2020,11,4,3:00,7,,6,,93,,7,,11,,14.5,,101.15,,,,,,NA
-79.4,43.63,TORONTO CITY CENTRE,6158359,11/4/2020 4:00,2020,11,4,4:00,6.6,,6.2,,97,,7,,9,,9.7,,101.14,,,,,,Fog
-79.4,43.63,TORONTO CITY CENTRE,6158359,11/4/2020 5:00,2020,11,4,5:00,5.7,,5.4,,98,,5,,4,,4.8,,101.16,,,,,,Fog
-79.4,43.63,TORONTO CITY CENTRE,6158359,11/4/2020 6:00,2020,11,4,6:00,7.8,,6.3,,90,,22,,8,,16.1,,101.16,,,,,,NA
-79.4,43.63,TORONTO CITY CENTRE,6158359,11/4/2020 7:00,2020,11,4,7:00,8.1,,6.8,,92,,25,,5,,16.1,,101.17,,,,,,NA
-79.4,43.63,TORONTO CITY CENTRE,6158359,11/4/2020 8:00,2020,11,4,8:00,9.8,,7.8,,87,,25,,5,,16.1,,101.21,,,,,,NA
-79.4,43.63,TORONTO CITY CENTRE,6158359,11/4/2020 9:00,2020,11,4,9:00,11.1,,8.3,,83,,24,,11,,16.1,,101.24,,,,,,NA
-79.4,43.63,TORONTO CITY CENTRE,6158359,11/4/2020 10:00,2020,11,4,10:00,12.3,,8.2,,76,,22,,22,,16.1,,101.22,,,,,,NA
-79.4,43.63,TORONTO CITY CENTRE,6158359,11/4/2020 11:00,2020,11,4,11:00,13.1,,8.5,,73,,20,,17,,16.1,,101.2,,,,,,NA
-79.4,43.63,TORONTO CITY CENTRE,6158359,11/4/2020 12:00,2020,11,4,12:00,13.7,,8.2,,69,,20,,24,,16.1,,101.14,,,,,,NA
-79.4,43.63,TORONTO CITY CENTRE,6158359,11/4/2020 13:00,2020,11,4,13:00,14.4,,8.3,,66,,19,,26,,16.1,,101.09,,,,,,NA
-79.4,43.63,TORONTO CITY CENTRE,6158359,11/4/2020 14:00,2020,11,4,14:00,14.6,,8.2,,65,,19,,26,,16.1,,101.07,,,,,,NA
-79.4,43.63,TORONTO CITY CENTRE,6158359,11/4/2020 15:00,2020,11,4,15:00,14.6,,8.5,,67,,19,,22,,16.1,,101.07,,,,,,NA
-79.4,43.63,TORONTO CITY CENTRE,6158359,11/4/2020 16:00,2020,11,4,16:00,14.2,,8.2,,67,,19,,24,,16.1,,101.07,,,,,,NA
-79.4,43.63,TORONTO CITY CENTRE,6158359,11/4/2020 17:00,2020,11,4,17:00,13,,8.3,,73,,20,,17,,16.1,,101.08,,,,,,NA
-79.4,43.63,TORONTO CITY CENTRE,6158359,11/4/2020 18:00,2020,11,4,18:00,12.6,,7.7,,72,,,,0,,16.1,,101.12,,,,,,NA
-79.4,43.63,TORONTO CITY CENTRE,6158359,11/4/2020 19:00,2020,11,4,19:00,11.9,,7.8,,76,,23,,5,,16.1,,101.15,,,,,,NA
-79.4,43.63,TORONTO CITY CENTRE,6158359,11/4/2020 20:00,2020,11,4,20:00,12,,8.2,,77,,,,0,,16.1,,101.17,,,,,,NA
-79.4,43.63,TORONTO CITY CENTRE,6158359,11/4/2020 21:00,2020,11,4,21:00,10.8,,7.5,,80,,21,,13,,16.1,,101.18,,,,,,NA
-79.4,43.63,TORONTO CITY CENTRE,6158359,11/4/2020 22:00,2020,11,4,22:00,11.7,,7.7,,76,,22,,15,,16.1,,101.23,,,,,,NA
-79.4,43.63,TORONTO CITY CENTRE,6158359,11/4/2020 23:00,2020,11,4,23:00,11,,7.6,,79,,24,,11,,16.1,,101.26,,,,,,NA
-79.4,43.63,TORONTO CITY CENTRE,6158359,11/5/2020 0:00,2020,11,5,0:00,10.8,,7.7,,81,,26,,15,,16.1,,101.23,,,,,,NA
-79.4,43.63,TORONTO CITY CENTRE,6158359,11/5/2020 1:00,2020,11,5,1:00,11.1,,7.4,,78,,29,,9,,16.1,,101.22,,,,,,NA
-79.4,43.63,TORONTO CITY CENTRE,6158359,11/5/2020 2:00,2020,11,5,2:00,10.5,,7.7,,82,,,,0,,16.1,,101.22,,,,,,NA
-79.4,43.63,TORONTO CITY CENTRE,6158359,11/5/2020 3:00,2020,11,5,3:00,10.4,,8,,85,,27,,8,,16.1,,101.17,,,,,,NA
-79.4,43.63,TORONTO CITY CENTRE,6158359,11/5/2020 4:00,2020,11,5,4:00,9.9,,7.7,,86,,25,,11,,16.1,,101.17,,,,,,NA
-79.4,43.63,TORONTO CITY CENTRE,6158359,11/5/2020 5:00,2020,11,5,5:00,9.5,,7.5,,88,,25,,11,,16.1,,101.17,,,,,,NA
-79.4,43.63,TORONTO CITY CENTRE,6158359,11/5/2020 6:00,2020,11,5,6:00,10.5,,7.9,,84,,23,,17,,16.1,,101.16,,,,,,NA
-79.4,43.63,TORONTO CITY CENTRE,6158359,11/5/2020 7:00,2020,11,5,7:00,10.1,,8.1,,87,,24,,15,,16.1,,101.16,,,,,,NA
-79.4,43.63,TORONTO CITY CENTRE,6158359,11/5/2020 8:00,2020,11,5,8:00,10.9,,9.1,,89,,28,,9,,16.1,,101.19,,,,,,NA
-79.4,43.63,TORONTO CITY CENTRE,6158359,11/5/2020 9:00,2020,11,5,9:00,11.2,,8.8,,85,,21,,11,,16.1,,101.21,,,,,,NA
-79.4,43.63,TORONTO CITY CENTRE,6158359,11/5/2020 10:00,2020,11,5,10:00,12.3,,8.7,,79,,20,,18,,16.1,,101.17,,,,,,NA
-79.4,43.63,TORONTO CITY CENTRE,6158359,11/5/2020 11:00,2020,11,5,11:00,12.9,,9.2,,78,,19,,17,,16.1,,101.17,,,,,,NA
-79.4,43.63,TORONTO CITY CENTRE,6158359,11/5/2020 12:00,2020,11,5,12:00,13.9,,9.3,,74,,19,,13,,16.1,,101.12,,,,,,NA
-79.4,43.63,TORONTO CITY CENTRE,6158359,11/5/2020 13:00,2020,11,5,13:00,15.1,,9.5,,69,,19,,18,,16.1,,101.09,,,,,,NA
-79.4,43.63,TORONTO CITY CENTRE,6158359,11/5/2020 14:00,2020,11,5,14:00,14.2,,9.5,,73,,18,,21,,16.1,,101.04,,,,,,NA
-79.4,43.63,TORONTO CITY CENTRE,6158359,11/5/2020 15:00,2020,11,5,15:00,13.5,,9.6,,77,,20,,9,,16.1,,101.02,,,,,,NA
-79.4,43.63,TORONTO CITY CENTRE,6158359,11/5/2020 16:00,2020,11,5,16:00,13.2,,9.5,,78,,19,,17,,16.1,,101.02,,,,,,NA
-79.4,43.63,TORONTO CITY CENTRE,6158359,11/5/2020 17:00,2020,11,5,17:00,13.4,,8.9,,74,,20,,22,,16.1,,101.08,,,,,,NA
-79.4,43.63,TORONTO CITY CENTRE,6158359,11/5/2020 18:00,2020,11,5,18:00,11.8,,8.9,,82,,25,,9,,16.1,,101.12,,,,,,NA
-79.4,43.63,TORONTO CITY CENTRE,6158359,11/5/2020 19:00,2020,11,5,19:00,12.3,,8.8,,79,,21,,9,,16.1,,101.12,,,,,,NA
-79.4,43.63,TORONTO CITY CENTRE,6158359,11/5/2020 20:00,2020,11,5,20:00,12.2,,8.6,,79,,22,,18,,16.1,,101.11,,,,,,NA
-79.4,43.63,TORONTO CITY CENTRE,6158359,11/5/2020 21:00,2020,11,5,21:00,12.4,,8.1,,75,,23,,18,,16.1,,101.1,,,,,,NA
-79.4,43.63,TORONTO CITY CENTRE,6158359,11/5/2020 22:00,2020,11,5,22:00,11.7,,8.2,,79,,23,,8,,16.1,,101.16,,,,,,NA
-79.4,43.63,TORONTO CITY CENTRE,6158359,11/5/2020 23:00,2020,11,5,23:00,11.7,,8.4,,80,,25,,5,,16.1,,101.15,,,,,,NA
-79.4,43.63,TORONTO CITY CENTRE,6158359,11/6/2020 0:00,2020,11,6,0:00,10.7,,8.8,,88,,28,,5,,16.1,,101.13,,,,,,NA
-79.4,43.63,TORONTO CITY CENTRE,6158359,11/6/2020 1:00,2020,11,6,1:00,10.6,,8.4,,86,,26,,9,,16.1,,101.11,,,,,,NA
-79.4,43.63,TORONTO CITY CENTRE,6158359,11/6/2020 2:00,2020,11,6,2:00,10.7,,8.6,,87,,25,,5,,16.1,,101.11,,,,,,NA
-79.4,43.63,TORONTO CITY CENTRE,6158359,11/6/2020 3:00,2020,11,6,3:00,10,,8.5,,90,,26,,13,,16.1,,101.1,,,,,,NA
-79.4,43.63,TORONTO CITY CENTRE,6158359,11/6/2020 4:00,2020,11,6,4:00,10.4,,8.5,,88,,27,,9,,16.1,,101.14,,,,,,NA
-79.4,43.63,TORONTO CITY CENTRE,6158359,11/6/2020 5:00,2020,11,6,5:00,9.4,,7.9,,90,,22,,11,,16.1,,101.12,,,,,,NA
-79.4,43.63,TORONTO CITY CENTRE,6158359,11/6/2020 6:00,2020,11,6,6:00,9.4,,8.3,,93,,21,,9,,16.1,,101.13,,,,,,NA
-79.4,43.63,TORONTO CITY CENTRE,6158359,11/6/2020 7:00,2020,11,6,7:00,9,,8.1,,94,,20,,11,,16.1,,101.17,,,,,,NA
-79.4,43.63,TORONTO CITY CENTRE,6158359,11/6/2020 8:00,2020,11,6,8:00,10.3,,8.7,,90,,22,,15,,16.1,,101.23,,,,,,NA
-79.4,43.63,TORONTO CITY CENTRE,6158359,11/6/2020 9:00,2020,11,6,9:00,11.2,,9.1,,87,,20,,13,,16.1,,101.2,,,,,,NA
-79.4,43.63,TORONTO CITY CENTRE,6158359,11/6/2020 10:00,2020,11,6,10:00,11.8,,9.4,,85,,21,,18,,16.1,,101.18,,,,,,NA
-79.4,43.63,TORONTO CITY CENTRE,6158359,11/6/2020 11:00,2020,11,6,11:00,13,,9.4,,79,,20,,21,,16.1,,101.17,,,,,,NA
-79.4,43.63,TORONTO CITY CENTRE,6158359,11/6/2020 12:00,2020,11,6,12:00,13.9,,9.5,,75,,22,,18,,16.1,,101.15,,,,,,NA
-79.4,43.63,TORONTO CITY CENTRE,6158359,11/6/2020 13:00,2020,11,6,13:00,15.1,,10.1,,72,,22,,21,,16.1,,101.12,,,,,,NA
-79.4,43.63,TORONTO CITY CENTRE,6158359,11/6/2020 14:00,2020,11,6,14:00,14.4,,9.9,,74,,20,,18,,16.1,,101.07,,,,,,NA
-79.4,43.63,TORONTO CITY CENTRE,6158359,11/6/2020 15:00,2020,11,6,15:00,13.9,,10.4,,79,,19,,18,,16.1,,101.06,,,,,,NA
-79.4,43.63,TORONTO CITY CENTRE,6158359,11/6/2020 16:00,2020,11,6,16:00,14.2,,10.3,,77,,20,,30,,16.1,,101.06,,,,,,NA
-79.4,43.63,TORONTO CITY CENTRE,6158359,11/6/2020 17:00,2020,11,6,17:00,12.2,,9.6,,84,,27,,9,,16.1,,101.11,,,,,,NA
-79.4,43.63,TORONTO CITY CENTRE,6158359,11/6/2020 18:00,2020,11,6,18:00,12.7,,9.9,,83,,21,,26,,16.1,,101.16,,,,,,NA
-79.4,43.63,TORONTO CITY CENTRE,6158359,11/6/2020 19:00,2020,11,6,19:00,11.3,,9.2,,87,,26,,13,,16.1,,101.21,,,,,,NA
-79.4,43.63,TORONTO CITY CENTRE,6158359,11/6/2020 20:00,2020,11,6,20:00,10.4,,8.8,,90,,25,,13,,16.1,,101.21,,,,,,NA
-79.4,43.63,TORONTO CITY CENTRE,6158359,11/6/2020 21:00,2020,11,6,21:00,10.6,,8.5,,87,,24,,17,,16.1,,101.21,,,,,,NA
-79.4,43.63,TORONTO CITY CENTRE,6158359,11/6/2020 22:00,2020,11,6,22:00,10.8,,8.6,,86,,23,,11,,16.1,,101.22,,,,,,NA
-79.4,43.63,TORONTO CITY CENTRE,6158359,11/6/2020 23:00,2020,11,6,23:00,11.6,,8.7,,82,,,M,4,,16.1,,101.21,,,,,,NA
-79.4,43.63,TORONTO CITY CENTRE,6158359,11/7/2020 0:00,2020,11,7,0:00,10.8,,9.1,,89,,,M,4,,16.1,,101.22,,,,,,NA
-79.4,43.63,TORONTO CITY CENTRE,6158359,11/7/2020 1:00,2020,11,7,1:00,11,,8.8,,86,,,,0,,16.1,,101.25,,,,,,NA
-79.4,43.63,TORONTO CITY CENTRE,6158359,11/7/2020 2:00,2020,11,7,2:00,9.6,,7.9,,89,,26,,5,,16.1,,101.27,,,,,,NA
-79.4,43.63,TORONTO CITY CENTRE,6158359,11/7/2020 3:00,2020,11,7,3:00,9.9,,8.5,,91,,26,,11,,16.1,,101.28,,,,,,NA
-79.4,43.63,TORONTO CITY CENTRE,6158359,11/7/2020 4:00,2020,11,7,4:00,9.8,,8.4,,91,,26,,11,,16.1,,101.27,,,,,,NA
-79.4,43.63,TORONTO CITY CENTRE,6158359,11/7/2020 5:00,2020,11,7,5:00,10.2,,8.7,,90,,21,,18,,16.1,,101.31,,,,,,NA
-79.4,43.63,TORONTO CITY CENTRE,6158359,11/7/2020 6:00,2020,11,7,6:00,9.2,,8.3,,94,,26,,9,,16.1,,101.35,,,,,,NA
-79.4,43.63,TORONTO CITY CENTRE,6158359,11/7/2020 7:00,2020,11,7,7:00,9,,8.3,,95,,26,,9,,16.1,,101.4,,,,,,NA
-79.4,43.63,TORONTO CITY CENTRE,6158359,11/7/2020 8:00,2020,11,7,8:00,10.4,,9.3,,93,,20,,9,,16.1,,101.44,,,,,,NA
-79.4,43.63,TORONTO CITY CENTRE,6158359,11/7/2020 9:00,2020,11,7,9:00,11.3,,9.8,,91,,23,,8,,16.1,,101.45,,,,,,NA
-79.4,43.63,TORONTO CITY CENTRE,6158359,11/7/2020 10:00,2020,11,7,10:00,11.9,,9.9,,87,,21,,9,,16.1,,101.44,,,,,,NA
-79.4,43.63,TORONTO CITY CENTRE,6158359,11/7/2020 11:00,2020,11,7,11:00,13,,9.9,,81,,20,,9,,16.1,,101.39,,,,,,NA
-79.4,43.63,TORONTO CITY CENTRE,6158359,11/7/2020 12:00,2020,11,7,12:00,14.1,,9.7,,75,,21,,8,,16.1,,101.34,,,,,,NA
-79.4,43.63,TORONTO CITY CENTRE,6158359,11/7/2020 13:00,2020,11,7,13:00,14.9,,10.1,,73,,22,,15,,16.1,,101.26,,,,,,NA
-79.4,43.63,TORONTO CITY CENTRE,6158359,11/7/2020 14:00,2020,11,7,14:00,15.2,,9.6,,69,,20,,18,,16.1,,101.24,,,,,,NA
-79.4,43.63,TORONTO CITY CENTRE,6158359,11/7/2020 15:00,2020,11,7,15:00,14.1,,9.5,,74,,24,,5,,16.1,,101.25,,,,,,NA
-79.4,43.63,TORONTO CITY CENTRE,6158359,11/7/2020 16:00,2020,11,7,16:00,13.1,,9.2,,77,,24,,9,,16.1,,101.27,,,,,,NA
-79.4,43.63,TORONTO CITY CENTRE,6158359,11/7/2020 17:00,2020,11,7,17:00,12.4,,9.4,,82,,27,,9,,16.1,,101.29,,,,,,NA
-79.4,43.63,TORONTO CITY CENTRE,6158359,11/7/2020 18:00,2020,11,7,18:00,11.9,,8.8,,81,,27,,13,,16.1,,101.34,,,,,,NA
-79.4,43.63,TORONTO CITY CENTRE,6158359,11/7/2020 19:00,2020,11,7,19:00,10.7,,9,,89,,28,,9,,16.1,,101.4,,,,,,NA
-79.4,43.63,TORONTO CITY CENTRE,6158359,11/7/2020 20:00,2020,11,7,20:00,11.4,,8.6,,83,,27,,8,,16.1,,101.4,,,,,,NA
-79.4,43.63,TORONTO CITY CENTRE,6158359,11/7/2020 21:00,2020,11,7,21:00,11.7,,8.6,,81,,27,,5,,16.1,,101.43,,,,,,NA
-79.4,43.63,TORONTO CITY CENTRE,6158359,11/7/2020 22:00,2020,11,7,22:00,10,,7.3,,83,,26,,9,,16.1,,101.43,,,,,,NA
-79.4,43.63,TORONTO CITY CENTRE,6158359,11/7/2020 23:00,2020,11,7,23:00,10.5,,8.3,,86,,26,,9,,16.1,,101.42,,,,,,NA
-79.4,43.63,TORONTO CITY CENTRE,6158359,11/8/2020 0:00,2020,11,8,0:00,11,,7.7,,80,,26,,11,,16.1,,101.44,,,,,,NA
-79.4,43.63,TORONTO CITY CENTRE,6158359,11/8/2020 1:00,2020,11,8,1:00,10.5,,8.3,,86,,29,,8,,16.1,,101.46,,,,,,NA
-79.4,43.63,TORONTO CITY CENTRE,6158359,11/8/2020 2:00,2020,11,8,2:00,10.5,,8.1,,85,,,,0,,16.1,,101.52,,,,,,NA
-79.4,43.63,TORONTO CITY CENTRE,6158359,11/8/2020 3:00,2020,11,8,3:00,8.8,,7.6,,92,,24,,4,,16.1,,101.57,,,,,,NA
-79.4,43.63,TORONTO CITY CENTRE,6158359,11/8/2020 4:00,2020,11,8,4:00,7.8,,7.2,,96,,,,0,,12.9,,101.62,,,,,,NA
-79.4,43.63,TORONTO CITY CENTRE,6158359,11/8/2020 5:00,2020,11,8,5:00,7.1,,6.7,,97,,,,0,,6.4,,101.67,,,,,,Fog
-79.4,43.63,TORONTO CITY CENTRE,6158359,11/8/2020 6:00,2020,11,8,6:00,7.3,,7.1,,98,,,,0,,2.8,,101.71,,,,,,Fog
-79.4,43.63,TORONTO CITY CENTRE,6158359,11/8/2020 7:00,2020,11,8,7:00,7.1,,7,,100,,,,0,,0.8,,101.79,,,,,,"Rain,Fog"
-79.4,43.63,TORONTO CITY CENTRE,6158359,11/8/2020 8:00,2020,11,8,8:00,8.1,,7.8,,98,,29,,4,,8.1,,101.86,,,,,,Fog
-79.4,43.63,TORONTO CITY CENTRE,6158359,11/8/2020 9:00,2020,11,8,9:00,11.5,,7.9,,79,,23,,4,,16.1,,101.87,,,,,,NA
-79.4,43.63,TORONTO CITY CENTRE,6158359,11/8/2020 10:00,2020,11,8,10:00,11.5,,8.8,,83,,25,,8,,12.9,,101.9,,,,,,NA
-79.4,43.63,TORONTO CITY CENTRE,6158359,11/8/2020 11:00,2020,11,8,11:00,12.5,,9.1,,80,,24,,5,,16.1,,101.91,,,,,,NA
-79.4,43.63,TORONTO CITY CENTRE,6158359,11/8/2020 12:00,2020,11,8,12:00,13.3,,8.9,,75,,21,,8,,16.1,,101.84,,,,,,NA
-79.4,43.63,TORONTO CITY CENTRE,6158359,11/8/2020 13:00,2020,11,8,13:00,14.7,,9,,68,,22,,5,,16.1,,101.78,,,,,,NA
-79.4,43.63,TORONTO CITY CENTRE,6158359,11/8/2020 14:00,2020,11,8,14:00,16.4,,9,,61,,,,0,,16.1,,101.75,,,,,,NA
-79.4,43.63,TORONTO CITY CENTRE,6158359,11/8/2020 15:00,2020,11,8,15:00,17.8,,9.1,,57,,18,,5,,16.1,,101.73,,,,,,NA
-79.4,43.63,TORONTO CITY CENTRE,6158359,11/8/2020 16:00,2020,11,8,16:00,16.5,,9,,61,,,M,4,,16.1,,101.74,,,,,,NA
-79.4,43.63,TORONTO CITY CENTRE,6158359,11/8/2020 17:00,2020,11,8,17:00,14.5,,8.9,,69,,,,0,,16.1,,101.75,,,,,,NA
-79.4,43.63,TORONTO CITY CENTRE,6158359,11/8/2020 18:00,2020,11,8,18:00,12.7,,8.8,,77,,,,0,,16.1,,101.74,,,,,,NA
-79.4,43.63,TORONTO CITY CENTRE,6158359,11/8/2020 19:00,2020,11,8,19:00,12.5,,8.7,,77,,,,0,,16.1,,101.73,,,,,,NA
-79.4,43.63,TORONTO CITY CENTRE,6158359,11/8/2020 20:00,2020,11,8,20:00,11.6,,8.4,,81,,,,0,,16.1,,101.71,,,,,,NA
-79.4,43.63,TORONTO CITY CENTRE,6158359,11/8/2020 21:00,2020,11,8,21:00,9.8,,8,,89,,,,0,,16.1,,101.69,,,,,,NA
-79.4,43.63,TORONTO CITY CENTRE,6158359,11/8/2020 22:00,2020,11,8,22:00,9.8,,8.3,,90,,7,,9,,12.9,,101.73,,,,,,NA
-79.4,43.63,TORONTO CITY CENTRE,6158359,11/8/2020 23:00,2020,11,8,23:00,9.8,,8.3,,90,,7,,8,,9.7,,101.69,,,,,,Fog
-79.4,43.63,TORONTO CITY CENTRE,6158359,11/9/2020 0:00,2020,11,9,0:00,10.1,,8.4,,89,,9,,8,,11.3,,101.73,,,,,,NA
-79.4,43.63,TORONTO CITY CENTRE,6158359,11/9/2020 1:00,2020,11,9,1:00,9.1,,8,,93,,8,,5,,6.4,,101.68,,,,,,Fog
-79.4,43.63,TORONTO CITY CENTRE,6158359,11/9/2020 2:00,2020,11,9,2:00,9.5,,8.4,,93,,9,,8,,6.4,,101.67,,,,,,Fog
-79.4,43.63,TORONTO CITY CENTRE,6158359,11/9/2020 3:00,2020,11,9,3:00,9.7,,8.2,,90,,9,,9,,8.1,,101.67,,,,,,Fog
-79.4,43.63,TORONTO CITY CENTRE,6158359,11/9/2020 4:00,2020,11,9,4:00,10,,8.3,,89,,9,,9,,8.1,,101.66,,,,,,Fog
-79.4,43.63,TORONTO CITY CENTRE,6158359,11/9/2020 5:00,2020,11,9,5:00,9.1,,7.5,,90,,10,,9,,9.7,,101.65,,,,,,Fog
-79.4,43.63,TORONTO CITY CENTRE,6158359,11/9/2020 6:00,2020,11,9,6:00,10.2,,8,,86,,8,,9,,9.7,,101.66,,,,,,Fog
-79.4,43.63,TORONTO CITY CENTRE,6158359,11/9/2020 7:00,2020,11,9,7:00,9.5,,7.8,,89,,6,,15,,8.1,,101.67,,,,,,Fog
-79.4,43.63,TORONTO CITY CENTRE,6158359,11/9/2020 8:00,2020,11,9,8:00,10.4,,8.2,,86,,7,,9,,8.1,,101.71,,,,,,Fog
-79.4,43.63,TORONTO CITY CENTRE,6158359,11/9/2020 9:00,2020,11,9,9:00,12.1,,9.1,,82,,7,,4,,6.4,,101.71,,,,,,Haze
-79.4,43.63,TORONTO CITY CENTRE,6158359,11/9/2020 10:00,2020,11,9,10:00,13.5,,9.2,,75,,7,,5,,12.9,,101.64,,,,,,NA
-79.4,43.63,TORONTO CITY CENTRE,6158359,11/9/2020 11:00,2020,11,9,11:00,12.6,,9.1,,79,,9,,9,,14.5,,101.59,,,,,,NA
-79.4,43.63,TORONTO CITY CENTRE,6158359,11/9/2020 12:00,2020,11,9,12:00,12.8,,8.9,,77,,9,,9,,14.5,,101.49,,,,,,NA
-79.4,43.63,TORONTO CITY CENTRE,6158359,11/9/2020 13:00,2020,11,9,13:00,12.9,,8.6,,75,,8,,13,,16.1,,101.38,,,,,,NA
-79.4,43.63,TORONTO CITY CENTRE,6158359,11/9/2020 14:00,2020,11,9,14:00,13.1,,8.9,,76,,8,,15,,11.3,,101.28,,,,,,NA
-79.4,43.63,TORONTO CITY CENTRE,6158359,11/9/2020 15:00,2020,11,9,15:00,13,,8.1,,72,,8,,17,,16.1,,101.24,,,,,,NA
-79.4,43.63,TORONTO CITY CENTRE,6158359,11/9/2020 16:00,2020,11,9,16:00,12.2,,7.7,,74,,8,,21,,1.2,,101.22,,,,,,Haze
-79.4,43.63,TORONTO CITY CENTRE,6158359,11/9/2020 17:00,2020,11,9,17:00,11.4,,7.6,,78,,8,,13,,2.4,,101.18,,,,,,Haze
-79.4,43.63,TORONTO CITY CENTRE,6158359,11/9/2020 18:00,2020,11,9,18:00,12.1,,6.8,,70,,7,,21,,3.2,,101.18,,,,,,Haze
-79.4,43.63,TORONTO CITY CENTRE,6158359,11/9/2020 19:00,2020,11,9,19:00,12.4,,7.3,,71,,7,,17,,4,,101.18,,,,,,Haze
-79.4,43.63,TORONTO CITY CENTRE,6158359,11/9/2020 20:00,2020,11,9,20:00,12.2,,7.5,,73,,7,,15,,2.4,,101.13,,,,,,Haze
-79.4,43.63,TORONTO CITY CENTRE,6158359,11/9/2020 21:00,2020,11,9,21:00,12.4,,7.5,,72,,8,,9,,3.6,,101.09,,,,,,Haze
-79.4,43.63,TORONTO CITY CENTRE,6158359,11/9/2020 22:00,2020,11,9,22:00,11.9,,7.2,,73,,8,,8,,11.3,,101.05,,,,,,NA
-79.4,43.63,TORONTO CITY CENTRE,6158359,11/9/2020 23:00,2020,11,9,23:00,10.2,,7.1,,81,,8,,5,,16.1,,100.99,,,,,,NA
-79.4,43.63,TORONTO CITY CENTRE,6158359,11/10/2020 0:00,2020,11,10,0:00,10.4,,6.9,,79,,8,,5,,16.1,,100.96,,,,,,NA
-79.4,43.63,TORONTO CITY CENTRE,6158359,11/10/2020 1:00,2020,11,10,1:00,8.8,,7.4,,91,,,,0,,16.1,,100.93,,,,,,NA
-79.4,43.63,TORONTO CITY CENTRE,6158359,11/10/2020 2:00,2020,11,10,2:00,10.2,,6.6,,78,,8,,8,,16.1,,100.89,,,,,,NA
-79.4,43.63,TORONTO CITY CENTRE,6158359,11/10/2020 3:00,2020,11,10,3:00,10.2,,6.5,,77,,7,,8,,16.1,,100.86,,,,,,NA
-79.4,43.63,TORONTO CITY CENTRE,6158359,11/10/2020 4:00,2020,11,10,4:00,10.2,,6.6,,78,,9,,8,,16.1,,100.8,,,,,,NA
-79.4,43.63,TORONTO CITY CENTRE,6158359,11/10/2020 5:00,2020,11,10,5:00,10.1,,6.7,,79,,8,,9,,16.1,,100.8,,,,,,NA
-79.4,43.63,TORONTO CITY CENTRE,6158359,11/10/2020 6:00,2020,11,10,6:00,10.6,,8,,84,,8,,8,,16.1,,100.77,,,,,,NA
-79.4,43.63,TORONTO CITY CENTRE,6158359,11/10/2020 7:00,2020,11,10,7:00,10.4,,7.5,,82,,9,,11,,16.1,,100.74,,,,,,NA
-79.4,43.63,TORONTO CITY CENTRE,6158359,11/10/2020 8:00,2020,11,10,8:00,11.1,,8.5,,84,,8,,9,,16.1,,100.75,,,,,,NA
-79.4,43.63,TORONTO CITY CENTRE,6158359,11/10/2020 9:00,2020,11,10,9:00,12.1,,9,,81,,8,,11,,16.1,,100.73,,,,,,NA
-79.4,43.63,TORONTO CITY CENTRE,6158359,11/10/2020 10:00,2020,11,10,10:00,13.9,,9.7,,76,,7,,9,,16.1,,100.69,,,,,,NA
-79.4,43.63,TORONTO CITY CENTRE,6158359,11/10/2020 11:00,2020,11,10,11:00,15.8,,10.8,,72,,7,,9,,16.1,,100.64,,,,,,NA
-79.4,43.63,TORONTO CITY CENTRE,6158359,11/10/2020 12:00,2020,11,10,12:00,16.6,,11.2,,70,,19,,5,,16.1,,100.56,,,,,,NA
-79.4,43.63,TORONTO CITY CENTRE,6158359,11/10/2020 13:00,2020,11,10,13:00,18.6,,12,,65,,17,,9,,16.1,,100.5,,,,,,NA
-79.4,43.63,TORONTO CITY CENTRE,6158359,11/10/2020 14:00,2020,11,10,14:00,20.4,,12.7,,61,,15,,13,,16.1,,100.42,,,,,,NA
-79.4,43.63,TORONTO CITY CENTRE,6158359,11/10/2020 15:00,2020,11,10,15:00,17.7,,12.3,,70,,,M,4,,16.1,,100.38,,,,,,NA
-79.4,43.63,TORONTO CITY CENTRE,6158359,11/10/2020 16:00,2020,11,10,16:00,16.4,,11.8,,74,,25,,9,,16.1,,100.35,,,,,,NA
-79.4,43.63,TORONTO CITY CENTRE,6158359,11/10/2020 17:00,2020,11,10,17:00,16,,12,,77,,19,,17,,16.1,,100.31,,,,,,NA
-79.4,43.63,TORONTO CITY CENTRE,6158359,11/10/2020 18:00,2020,11,10,18:00,14.2,,11.5,,84,,22,,8,,16.1,,100.3,,,,,,NA
-79.4,43.63,TORONTO CITY CENTRE,6158359,11/10/2020 19:00,2020,11,10,19:00,15.1,,11.8,,81,,,,0,,16.1,,100.26,,,,,,NA
-79.4,43.63,TORONTO CITY CENTRE,6158359,11/10/2020 20:00,2020,11,10,20:00,13.7,,11.3,,85,,8,,13,,16.1,,100.25,,,,,,NA
-79.4,43.63,TORONTO CITY CENTRE,6158359,11/10/2020 21:00,2020,11,10,21:00,12.8,,10.7,,87,,8,,8,,16.1,,100.22,,,,,,NA
-79.4,43.63,TORONTO CITY CENTRE,6158359,11/10/2020 22:00,2020,11,10,22:00,13.9,,11.3,,84,,8,,9,,16.1,,100.14,,,,,,NA
-79.4,43.63,TORONTO CITY CENTRE,6158359,11/10/2020 23:00,2020,11,10,23:00,13.5,,10.9,,84,,8,,9,,16.1,,100.04,,,,,,NA
-79.4,43.63,TORONTO CITY CENTRE,6158359,11/11/2020 0:00,2020,11,11,0:00,13.3,,10.7,,84,,8,,8,,16.1,,100,,,,,,NA
-79.4,43.63,TORONTO CITY CENTRE,6158359,11/11/2020 1:00,2020,11,11,1:00,14.1,,11.3,,83,,,M,4,,16.1,,99.9,,,,,,NA
-79.4,43.63,TORONTO CITY CENTRE,6158359,11/11/2020 2:00,2020,11,11,2:00,15.9,,11.7,,76,,,,0,,16.1,,99.87,,,,,,Rain
-79.4,43.63,TORONTO CITY CENTRE,6158359,11/11/2020 3:00,2020,11,11,3:00,15.8,,11.8,,77,,,M,4,,16.1,,99.87,,,,,,NA
-79.4,43.63,TORONTO CITY CENTRE,6158359,11/11/2020 4:00,2020,11,11,4:00,13.7,,11.6,,87,,25,,5,,16.1,,99.83,,,,,,NA
-79.4,43.63,TORONTO CITY CENTRE,6158359,11/11/2020 5:00,2020,11,11,5:00,14,,12.2,,89,,20,,22,,16.1,,99.86,,,,,,NA
-79.4,43.63,TORONTO CITY CENTRE,6158359,11/11/2020 6:00,2020,11,11,6:00,12.6,,11.7,,94,,21,,15,,16.1,,99.87,,,,,,NA
-79.4,43.63,TORONTO CITY CENTRE,6158359,11/11/2020 7:00,2020,11,11,7:00,12.8,,12.5,,98,,28,,8,,16.1,,99.84,,,,,,NA
-79.4,43.63,TORONTO CITY CENTRE,6158359,11/11/2020 8:00,2020,11,11,8:00,13.1,,12.6,,97,,21,,17,,16.1,,99.81,,,,,,NA
-79.4,43.63,TORONTO CITY CENTRE,6158359,11/11/2020 9:00,2020,11,11,9:00,12.4,,12.1,,98,,25,,11,,16.1,,99.92,,,,,,NA
-79.4,43.63,TORONTO CITY CENTRE,6158359,11/11/2020 10:00,2020,11,11,10:00,13.1,,11.1,,88,,21,,18,,16.1,,99.97,,,,,,NA
-79.4,43.63,TORONTO CITY CENTRE,6158359,11/11/2020 11:00,2020,11,11,11:00,13.5,,10.5,,82,,24,,21,,16.1,,100.06,,,,,,NA
-79.4,43.63,TORONTO CITY CENTRE,6158359,11/11/2020 12:00,2020,11,11,12:00,18.4,,9.4,,55,,27,,26,,16.1,,100.04,,,,,,NA
-79.4,43.63,TORONTO CITY CENTRE,6158359,11/11/2020 13:00,2020,11,11,13:00,17,,5.8,,47,,28,,32,,16.1,,100.09,,,,,,NA
-79.4,43.63,TORONTO CITY CENTRE,6158359,11/11/2020 14:00,2020,11,11,14:00,15.4,,4,,46,,25,,26,,16.1,,100.17,,,,,,NA
-79.4,43.63,TORONTO CITY CENTRE,6158359,11/11/2020 15:00,2020,11,11,15:00,14.6,,4.2,,50,,29,,22,,16.1,,100.22,,,,,,NA
-79.4,43.63,TORONTO CITY CENTRE,6158359,11/11/2020 16:00,2020,11,11,16:00,12.5,,2.2,,49,,30,,22,,16.1,,100.33,,,,,,NA
-79.4,43.63,TORONTO CITY CENTRE,6158359,11/11/2020 17:00,2020,11,11,17:00,10,,1.9,,57,,32,,24,,16.1,,100.45,,,,,,NA
-79.4,43.63,TORONTO CITY CENTRE,6158359,11/11/2020 18:00,2020,11,11,18:00,7.9,,1.3,,63,,29,,28,,16.1,,100.61,,,,,,NA
-79.4,43.63,TORONTO CITY CENTRE,6158359,11/11/2020 19:00,2020,11,11,19:00,7.1,,0.8,,64,,31,,11,,16.1,,100.68,,,,,,NA
-79.4,43.63,TORONTO CITY CENTRE,6158359,11/11/2020 20:00,2020,11,11,20:00,6.6,,0.6,,65,,29,,21,,16.1,,100.73,,,,,,NA
-79.4,43.63,TORONTO CITY CENTRE,6158359,11/11/2020 21:00,2020,11,11,21:00,6.7,,0.4,,64,,29,,21,,16.1,,100.78,,,,,,NA
-79.4,43.63,TORONTO CITY CENTRE,6158359,11/11/2020 22:00,2020,11,11,22:00,6.9,,0.4,,63,,29,,15,,16.1,,100.83,,,,,,NA
-79.4,43.63,TORONTO CITY CENTRE,6158359,11/11/2020 23:00,2020,11,11,23:00,6.8,,0.3,,63,,29,,13,,16.1,,100.85,,,,,,NA
-79.4,43.63,TORONTO CITY CENTRE,6158359,11/12/2020 0:00,2020,11,12,0:00,6.9,,0.1,,62,,32,,13,,16.1,,100.88,,,,,,NA
-79.4,43.63,TORONTO CITY CENTRE,6158359,11/12/2020 1:00,2020,11,12,1:00,6.6,,0,,63,,28,,11,,16.1,,100.95,,,,,,NA
-79.4,43.63,TORONTO CITY CENTRE,6158359,11/12/2020 2:00,2020,11,12,2:00,6.4,,-0.8,,60,,33,,15,,16.1,,101,,,,,,NA
-79.4,43.63,TORONTO CITY CENTRE,6158359,11/12/2020 3:00,2020,11,12,3:00,6.4,,-0.8,,60,,31,,11,,16.1,,101.05,,,,,,NA
-79.4,43.63,TORONTO CITY CENTRE,6158359,11/12/2020 4:00,2020,11,12,4:00,6.4,,-0.8,,60,,,,0,,16.1,,101.13,,,,,,NA
-79.4,43.63,TORONTO CITY CENTRE,6158359,11/12/2020 5:00,2020,11,12,5:00,6.3,,-0.4,,62,,29,,11,,16.1,,101.18,,,,,,NA
-79.4,43.63,TORONTO CITY CENTRE,6158359,11/12/2020 6:00,2020,11,12,6:00,6.2,,-1,,60,,32,,13,,16.1,,101.18,,,,,,NA
-79.4,43.63,TORONTO CITY CENTRE,6158359,11/12/2020 7:00,2020,11,12,7:00,5.9,,-2.4,,55,,31,,11,,16.1,,101.28,,,,,,NA
-79.4,43.63,TORONTO CITY CENTRE,6158359,11/12/2020 8:00,2020,11,12,8:00,5.7,,-2.2,,57,,29,,5,,16.1,,101.34,,,,,,NA
-79.4,43.63,TORONTO CITY CENTRE,6158359,11/12/2020 9:00,2020,11,12,9:00,6.7,,-1.9,,54,,27,,11,,16.1,,101.38,,,,,,NA
-79.4,43.63,TORONTO CITY CENTRE,6158359,11/12/2020 10:00,2020,11,12,10:00,7.2,,-1.7,,53,,29,,5,,16.1,,101.37,,,,,,NA
-79.4,43.63,TORONTO CITY CENTRE,6158359,11/12/2020 11:00,2020,11,12,11:00,7.3,,-1,,56,,19,,13,,16.1,,101.36,,,,,,NA
-79.4,43.63,TORONTO CITY CENTRE,6158359,11/12/2020 12:00,2020,11,12,12:00,8,,-0.4,,55,,19,,13,,16.1,,101.29,,,,,,NA
-79.4,43.63,TORONTO CITY CENTRE,6158359,11/12/2020 13:00,2020,11,12,13:00,7.6,,-0.4,,57,,18,,11,,16.1,,101.25,,,,,,NA
-79.4,43.63,TORONTO CITY CENTRE,6158359,11/12/2020 14:00,2020,11,12,14:00,7.8,,-0.8,,55,,18,,9,,16.1,,101.21,,,,,,NA
-79.4,43.63,TORONTO CITY CENTRE,6158359,11/12/2020 15:00,2020,11,12,15:00,7.8,,0.2,,59,,17,,11,,16.1,,101.19,,,,,,NA
-79.4,43.63,TORONTO CITY CENTRE,6158359,11/12/2020 16:00,2020,11,12,16:00,7.6,,0.4,,60,,13,,11,,16.1,,101.09,,,,,,NA
-79.4,43.63,TORONTO CITY CENTRE,6158359,11/12/2020 17:00,2020,11,12,17:00,6.3,,0.8,,68,,12,,4,,16.1,,101.09,,,,,,NA
-79.4,43.63,TORONTO CITY CENTRE,6158359,11/12/2020 18:00,2020,11,12,18:00,5.6,,0.9,,72,,,,0,,16.1,,101.12,,,,,,NA
-79.4,43.63,TORONTO CITY CENTRE,6158359,11/12/2020 19:00,2020,11,12,19:00,5.3,,1.3,,75,,,,0,,16.1,,101.14,,,,,,NA
-79.4,43.63,TORONTO CITY CENTRE,6158359,11/12/2020 20:00,2020,11,12,20:00,4.5,,2.5,,87,,9,,4,,16.1,,101.17,,,,,,NA
-79.4,43.63,TORONTO CITY CENTRE,6158359,11/12/2020 21:00,2020,11,12,21:00,5.1,,2.5,,83,,7,,5,,16.1,,101.14,,,,,,NA
-79.4,43.63,TORONTO CITY CENTRE,6158359,11/12/2020 22:00,2020,11,12,22:00,6.2,,2.3,,76,,10,,5,,16.1,,101.1,,,,,,NA
-79.4,43.63,TORONTO CITY CENTRE,6158359,11/12/2020 23:00,2020,11,12,23:00,6.3,,2,,74,,12,,9,,16.1,,101.04,,,,,,NA
-79.4,43.63,TORONTO CITY CENTRE,6158359,11/13/2020 0:00,2020,11,13,0:00,6.8,,2.1,,72,,11,,9,,16.1,,100.94,,,,,,NA
-79.4,43.63,TORONTO CITY CENTRE,6158359,11/13/2020 1:00,2020,11,13,1:00,6.7,,1.2,,68,,10,,9,,16.1,,100.85,,,,,,NA
-79.4,43.63,TORONTO CITY CENTRE,6158359,11/13/2020 2:00,2020,11,13,2:00,7,,0.1,,61,,11,,13,,16.1,,100.82,,,,,,NA
-79.4,43.63,TORONTO CITY CENTRE,6158359,11/13/2020 3:00,2020,11,13,3:00,6.3,,0.6,,67,,11,,13,,16.1,,100.76,,,,,,NA
-79.4,43.63,TORONTO CITY CENTRE,6158359,11/13/2020 4:00,2020,11,13,4:00,6.2,,1.7,,73,,12,,18,,16.1,,100.67,,,,,,NA
-79.4,43.63,TORONTO CITY CENTRE,6158359,11/13/2020 5:00,2020,11,13,5:00,5.8,,2.3,,78,,11,,18,,16.1,,100.63,,,,,,NA
-79.4,43.63,TORONTO CITY CENTRE,6158359,11/13/2020 6:00,2020,11,13,6:00,5.8,,1.5,,74,,10,,13,,16.1,,100.57,,,,,,NA
-79.4,43.63,TORONTO CITY CENTRE,6158359,11/13/2020 7:00,2020,11,13,7:00,6.1,,1.1,,70,,10,,9,,16.1,,100.53,,,,,,NA
-79.4,43.63,TORONTO CITY CENTRE,6158359,11/13/2020 8:00,2020,11,13,8:00,6.2,,1.1,,70,,15,,5,,16.1,,100.57,,,,,,NA
-79.4,43.63,TORONTO CITY CENTRE,6158359,11/13/2020 9:00,2020,11,13,9:00,5.9,,1.3,,72,,,,0,,16.1,,100.54,,,,,,NA
-79.4,43.63,TORONTO CITY CENTRE,6158359,11/13/2020 10:00,2020,11,13,10:00,7,,1.3,,67,,8,,11,,16.1,,100.46,,,,,,NA
-79.4,43.63,TORONTO CITY CENTRE,6158359,11/13/2020 11:00,2020,11,13,11:00,7.4,,2.1,,69,,21,,9,,16.1,,100.45,,,,,,NA
-79.4,43.63,TORONTO CITY CENTRE,6158359,11/13/2020 12:00,2020,11,13,12:00,6.7,,2,,72,,22,,11,,16.1,,100.46,,,,,,NA
-79.4,43.63,TORONTO CITY CENTRE,6158359,11/13/2020 13:00,2020,11,13,13:00,8.5,,3.1,,69,,27,,11,,16.1,,100.46,,,,,,NA
-79.4,43.63,TORONTO CITY CENTRE,6158359,11/13/2020 14:00,2020,11,13,14:00,9.4,,2,,60,,29,,22,,16.1,,100.45,,,,,,NA
-79.4,43.63,TORONTO CITY CENTRE,6158359,11/13/2020 15:00,2020,11,13,15:00,9.5,,2.2,,60,,27,,21,,16.1,,100.5,,,,,,NA
-79.4,43.63,TORONTO CITY CENTRE,6158359,11/13/2020 16:00,2020,11,13,16:00,9,,2.8,,65,,26,,26,,16.1,,100.56,,,,,,NA
-79.4,43.63,TORONTO CITY CENTRE,6158359,11/13/2020 17:00,2020,11,13,17:00,8.3,,2.4,,66,,27,,28,,16.1,,100.61,,,,,,NA
-79.4,43.63,TORONTO CITY CENTRE,6158359,11/13/2020 18:00,2020,11,13,18:00,7.5,,2.8,,72,,29,,32,,16.1,,100.67,,,,,,Rain
-79.4,43.63,TORONTO CITY CENTRE,6158359,11/13/2020 19:00,2020,11,13,19:00,6.8,,0,,62,,29,,28,,16.1,,100.75,,,,,,NA
-79.4,43.63,TORONTO CITY CENTRE,6158359,11/13/2020 20:00,2020,11,13,20:00,6.1,,-0.2,,64,,29,,21,,16.1,,100.81,,,,,,NA
-79.4,43.63,TORONTO CITY CENTRE,6158359,11/13/2020 21:00,2020,11,13,21:00,6.2,,-1.5,,58,,28,,18,,16.1,,100.86,,,,,,NA
-79.4,43.63,TORONTO CITY CENTRE,6158359,11/13/2020 22:00,2020,11,13,22:00,5.8,,-1.6,,59,,28,,17,,16.1,,100.89,,,,,,NA
-79.4,43.63,TORONTO CITY CENTRE,6158359,11/13/2020 23:00,2020,11,13,23:00,5.5,,-0.8,,64,,28,,17,,16.1,,100.93,,,,,,NA
-79.4,43.63,TORONTO CITY CENTRE,6158359,11/14/2020 0:00,2020,11,14,0:00,5.3,,-0.7,,65,,26,,17,,16.1,,100.94,,,,,,NA
-79.4,43.63,TORONTO CITY CENTRE,6158359,11/14/2020 1:00,2020,11,14,1:00,4.9,,-1.3,,64,,27,,21,,16.1,,100.97,,,,,,NA
-79.4,43.63,TORONTO CITY CENTRE,6158359,11/14/2020 2:00,2020,11,14,2:00,4.5,,-1.4,,66,,27,,15,,16.1,,101.03,,,,,,NA
-79.4,43.63,TORONTO CITY CENTRE,6158359,11/14/2020 3:00,2020,11,14,3:00,4.2,,-1.2,,68,,28,,21,,16.1,,101.07,,,,,,NA
-79.4,43.63,TORONTO CITY CENTRE,6158359,11/14/2020 4:00,2020,11,14,4:00,3.6,,-1.5,,69,,28,,13,,16.1,,101.13,,,,,,NA
-79.4,43.63,TORONTO CITY CENTRE,6158359,11/14/2020 5:00,2020,11,14,5:00,3.2,,-1.9,,69,,29,,17,,16.1,,101.16,,,,,,NA
-79.4,43.63,TORONTO CITY CENTRE,6158359,11/14/2020 6:00,2020,11,14,6:00,2.8,,-2.1,,70,,29,,13,,16.1,,101.2,,,,,,NA
-79.4,43.63,TORONTO CITY CENTRE,6158359,11/14/2020 7:00,2020,11,14,7:00,3.1,,-2,,69,,28,,17,,16.1,,101.25,,,,,,NA
-79.4,43.63,TORONTO CITY CENTRE,6158359,11/14/2020 8:00,2020,11,14,8:00,3.4,,-2,,68,,29,,17,,16.1,,101.28,,,,,,NA
-79.4,43.63,TORONTO CITY CENTRE,6158359,11/14/2020 9:00,2020,11,14,9:00,4.3,,-2,,64,,29,,9,,16.1,,101.32,,,,,,NA
-79.4,43.63,TORONTO CITY CENTRE,6158359,11/14/2020 10:00,2020,11,14,10:00,5.9,,-1.9,,57,,30,,11,,16.1,,101.33,,,,,,NA
-79.4,43.63,TORONTO CITY CENTRE,6158359,11/14/2020 11:00,2020,11,14,11:00,6.7,,-2.3,,53,,25,,17,,16.1,,101.37,,,,,,NA
-79.4,43.63,TORONTO CITY CENTRE,6158359,11/14/2020 12:00,2020,11,14,12:00,7.3,,-3.9,,45,,23,,13,,16.1,,101.34,,,,,,NA
-79.4,43.63,TORONTO CITY CENTRE,6158359,11/14/2020 13:00,2020,11,14,13:00,7.5,,-2.8,,48,,20,,13,,16.1,,101.3,,,,,,NA
-79.4,43.63,TORONTO CITY CENTRE,6158359,11/14/2020 14:00,2020,11,14,14:00,7.2,,-3.1,,48,,19,,18,,16.1,,101.32,,,,,,NA
-79.4,43.63,TORONTO CITY CENTRE,6158359,11/14/2020 15:00,2020,11,14,15:00,6.8,,-2.7,,51,,19,,17,,16.1,,101.33,,,,,,NA
-79.4,43.63,TORONTO CITY CENTRE,6158359,11/14/2020 16:00,2020,11,14,16:00,6.4,,-2.5,,53,,18,,15,,16.1,,101.36,,,,,,NA
-79.4,43.63,TORONTO CITY CENTRE,6158359,11/14/2020 17:00,2020,11,14,17:00,5.3,,-3,,55,,14,,8,,16.1,,101.26,,,,,,NA
-79.4,43.63,TORONTO CITY CENTRE,6158359,11/14/2020 18:00,2020,11,14,18:00,5,,-2.7,,58,,15,,9,,16.1,,101.3,,,,,,NA
-79.4,43.63,TORONTO CITY CENTRE,6158359,11/14/2020 19:00,2020,11,14,19:00,5.3,,-3,,55,,15,,11,,16.1,,101.27,,,,,,NA
-79.4,43.63,TORONTO CITY CENTRE,6158359,11/14/2020 20:00,2020,11,14,20:00,5.5,,-1.2,,62,,15,,15,,16.1,,101.22,,,,,,NA
-79.4,43.63,TORONTO CITY CENTRE,6158359,11/14/2020 21:00,2020,11,14,21:00,4.9,,-0.9,,66,,14,,11,,16.1,,101.18,,,,,,NA
-79.4,43.63,TORONTO CITY CENTRE,6158359,11/14/2020 22:00,2020,11,14,22:00,4.8,,-0.6,,68,,14,,13,,16.1,,101.1,,,,,,NA
-79.4,43.63,TORONTO CITY CENTRE,6158359,11/14/2020 23:00,2020,11,14,23:00,5.4,,0.2,,69,,11,,17,,16.1,,101.01,,,,,,NA
-79.4,43.63,TORONTO CITY CENTRE,6158359,11/15/2020 0:00,2020,11,15,0:00,6.2,,-0.1,,64,,10,,21,,16.1,,100.88,,,,,,NA
-79.4,43.63,TORONTO CITY CENTRE,6158359,11/15/2020 1:00,2020,11,15,1:00,6.7,,1.2,,68,,9,,24,,16.1,,100.66,,,,,,NA
-79.4,43.63,TORONTO CITY CENTRE,6158359,11/15/2020 2:00,2020,11,15,2:00,6.8,,1.7,,70,,11,,13,,16.1,,100.62,,,,,,NA
-79.4,43.63,TORONTO CITY CENTRE,6158359,11/15/2020 3:00,2020,11,15,3:00,6.8,,0.9,,66,,12,,17,,16.1,,100.56,,,,,,NA
-79.4,43.63,TORONTO CITY CENTRE,6158359,11/15/2020 4:00,2020,11,15,4:00,5.9,,2.2,,77,,10,,17,,16.1,,100.38,,,,,,Rain
-79.4,43.63,TORONTO CITY CENTRE,6158359,11/15/2020 5:00,2020,11,15,5:00,5.8,,3.3,,84,,10,,17,,16.1,,100.17,,,,,,Rain
-79.4,43.63,TORONTO CITY CENTRE,6158359,11/15/2020 6:00,2020,11,15,6:00,6.7,,3.5,,80,,10,,26,,16.1,,99.88,,,,,,Rain
-79.4,43.63,TORONTO CITY CENTRE,6158359,11/15/2020 7:00,2020,11,15,7:00,7.5,,4.1,,79,,8,,26,,16.1,,99.56,,,,,,NA
-79.4,43.63,TORONTO CITY CENTRE,6158359,11/15/2020 8:00,2020,11,15,8:00,7.8,,4.2,,78,,9,,21,,16.1,,99.49,,,,,,Rain
-79.4,43.63,TORONTO CITY CENTRE,6158359,11/15/2020 9:00,2020,11,15,9:00,7.4,,5.1,,85,,7,,21,,16.1,,99.3,,,,,,Rain
-79.4,43.63,TORONTO CITY CENTRE,6158359,11/15/2020 10:00,2020,11,15,10:00,7.8,,5.6,,86,,8,,15,,16.1,,99.13,,,,,,Rain
-79.4,43.63,TORONTO CITY CENTRE,6158359,11/15/2020 11:00,2020,11,15,11:00,8.1,,6.2,,88,,9,,13,,16.1,,98.98,,,,,,Rain
-79.4,43.63,TORONTO CITY CENTRE,6158359,11/15/2020 12:00,2020,11,15,12:00,9.8,,7.9,,88,,18,,13,,16.1,,98.77,,,,,,Rain
-79.4,43.63,TORONTO CITY CENTRE,6158359,11/15/2020 13:00,2020,11,15,13:00,11.2,,8.8,,85,,18,,34,,16.1,,98.45,,,,,,Rain
-79.4,43.63,TORONTO CITY CENTRE,6158359,11/15/2020 14:00,2020,11,15,14:00,11,,8.9,,87,,19,,24,,16.1,,98.37,,,,,,NA
-79.4,43.63,TORONTO CITY CENTRE,6158359,11/15/2020 15:00,2020,11,15,15:00,11.4,,9,,85,,19,,30,,12.9,,98.19,,,,,,Rain
-79.4,43.63,TORONTO CITY CENTRE,6158359,11/15/2020 16:00,2020,11,15,16:00,9.8,,6.6,,80,,22,,43,,16.1,,98.38,,,,,,NA
-79.4,43.63,TORONTO CITY CENTRE,6158359,11/15/2020 17:00,2020,11,15,17:00,9.4,,5,,74,,23,,58,,16.1,,98.53,,,,,,NA
-79.4,43.63,TORONTO CITY CENTRE,6158359,11/15/2020 18:00,2020,11,15,18:00,8.7,,2.5,,65,,24,,55,,16.1,,98.8,,,,,,NA
-79.4,43.63,TORONTO CITY CENTRE,6158359,11/15/2020 19:00,2020,11,15,19:00,8.6,,2.6,,66,,24,,58,,16.1,,98.96,,,,,,NA
-79.4,43.63,TORONTO CITY CENTRE,6158359,11/15/2020 20:00,2020,11,15,20:00,7.7,,3.6,,75,,23,,45,,16.1,,99.07,,,,,,Rain
-79.4,43.63,TORONTO CITY CENTRE,6158359,11/15/2020 21:00,2020,11,15,21:00,7.2,,1.2,,66,,25,,68,,16.1,,99.13,,,,,,NA
-79.4,43.63,TORONTO CITY CENTRE,6158359,11/15/2020 22:00,2020,11,15,22:00,6.8,,-0.4,,60,,24,,54,,16.1,,99.29,,,,,,NA
-79.4,43.63,TORONTO CITY CENTRE,6158359,11/15/2020 23:00,2020,11,15,23:00,6.7,,-0.8,,59,,24,,58,,16.1,,99.29,,,,,,NA
-79.4,43.63,TORONTO CITY CENTRE,6158359,11/16/2020 0:00,2020,11,16,0:00,6.5,,0,,63,,25,,46,,16.1,,99.39,,,,,,NA
-79.4,43.63,TORONTO CITY CENTRE,6158359,11/16/2020 1:00,2020,11,16,1:00,4.5,,1.2,,79,,26,,45,,16.1,,99.53,,,,,,Rain
-79.4,43.63,TORONTO CITY CENTRE,6158359,11/16/2020 2:00,2020,11,16,2:00,4.9,,1.2,,77,,25,,37,,16.1,,99.63,,,,,,NA
-79.4,43.63,TORONTO CITY CENTRE,6158359,11/16/2020 3:00,2020,11,16,3:00,4.7,,0.4,,74,,25,,48,,16.1,,99.68,,,,,,NA
-79.4,43.63,TORONTO CITY CENTRE,6158359,11/16/2020 4:00,2020,11,16,4:00,4.6,,0,,72,,25,,45,,16.1,,99.73,,,,,,NA
-79.4,43.63,TORONTO CITY CENTRE,6158359,11/16/2020 5:00,2020,11,16,5:00,4.8,,-0.9,,67,,25,,50,,16.1,,99.8,,,,,,NA
-79.4,43.63,TORONTO CITY CENTRE,6158359,11/16/2020 6:00,2020,11,16,6:00,4.9,,-0.9,,66,,26,,43,,16.1,,99.92,,,,,,NA
-79.4,43.63,TORONTO CITY CENTRE,6158359,11/16/2020 7:00,2020,11,16,7:00,4.8,,-0.9,,66,,26,,48,,16.1,,99.99,,,,,,Rain
-79.4,43.63,TORONTO CITY CENTRE,6158359,11/16/2020 8:00,2020,11,16,8:00,4.8,,-0.6,,68,,25,,46,,16.1,,100.09,,,,,,NA
-79.4,43.63,TORONTO CITY CENTRE,6158359,11/16/2020 9:00,2020,11,16,9:00,4.7,,-1.5,,64,,26,,32,,16.1,,100.19,,,,,,NA
-79.4,43.63,TORONTO CITY CENTRE,6158359,11/16/2020 10:00,2020,11,16,10:00,4.9,,-1.7,,62,,25,,37,,16.1,,100.26,,,,,,NA
-79.4,43.63,TORONTO CITY CENTRE,6158359,11/16/2020 11:00,2020,11,16,11:00,5.1,,-1.7,,62,,25,,41,,16.1,,100.33,,,,,,NA
-79.4,43.63,TORONTO CITY CENTRE,6158359,11/16/2020 12:00,2020,11,16,12:00,5.2,,-1.7,,61,,25,,41,,16.1,,100.36,,,,,,NA
-79.4,43.63,TORONTO CITY CENTRE,6158359,11/16/2020 13:00,2020,11,16,13:00,4.9,,-3.3,,55,,26,,41,,16.1,,100.37,,,,,,NA
-79.4,43.63,TORONTO CITY CENTRE,6158359,11/16/2020 14:00,2020,11,16,14:00,4.4,,-3,,59,,27,,35,,16.1,,100.4,,,,,,NA
-79.4,43.63,TORONTO CITY CENTRE,6158359,11/16/2020 15:00,2020,11,16,15:00,4.5,,-3.2,,58,,25,,35,,16.1,,100.42,,,,,,NA
-79.4,43.63,TORONTO CITY CENTRE,6158359,11/16/2020 16:00,2020,11,16,16:00,4.3,,-3.5,,57,,24,,41,,16.1,,100.44,,,,,,NA
-79.4,43.63,TORONTO CITY CENTRE,6158359,11/16/2020 17:00,2020,11,16,17:00,4.3,,-2.9,,60,,26,,39,,16.1,,100.5,,,,,,NA
-79.4,43.63,TORONTO CITY CENTRE,6158359,11/16/2020 18:00,2020,11,16,18:00,4.2,,-2.4,,62,,25,,28,,16.1,,100.52,,,,,,NA
-79.4,43.63,TORONTO CITY CENTRE,6158359,11/16/2020 19:00,2020,11,16,19:00,4.2,,-2.6,,61,,26,,30,,16.1,,100.57,,,,,,NA
-79.4,43.63,TORONTO CITY CENTRE,6158359,11/16/2020 20:00,2020,11,16,20:00,4.2,,-2.8,,61,,26,,22,,16.1,,100.55,,,,,,NA
-79.4,43.63,TORONTO CITY CENTRE,6158359,11/16/2020 21:00,2020,11,16,21:00,3.9,,-2.5,,63,,26,,26,,16.1,,100.53,,,,,,NA
-79.4,43.63,TORONTO CITY CENTRE,6158359,11/16/2020 22:00,2020,11,16,22:00,3.5,,-2,,67,,26,,24,,16.1,,100.52,,,,,,NA
-79.4,43.63,TORONTO CITY CENTRE,6158359,11/16/2020 23:00,2020,11,16,23:00,3.6,,-1.7,,68,,26,,21,,16.1,,100.49,,,,,,NA
-79.4,43.63,TORONTO CITY CENTRE,6158359,11/17/2020 0:00,2020,11,17,0:00,3.4,,-1.5,,70,,24,,21,,16.1,,100.46,,,,,,NA
-79.4,43.63,TORONTO CITY CENTRE,6158359,11/17/2020 1:00,2020,11,17,1:00,3.1,,-1.7,,71,,26,,17,,16.1,,100.43,,,,,,NA
-79.4,43.63,TORONTO CITY CENTRE,6158359,11/17/2020 2:00,2020,11,17,2:00,2.8,,-1.6,,73,,25,,18,,16.1,,100.38,,,,,,NA
-79.4,43.63,TORONTO CITY CENTRE,6158359,11/17/2020 3:00,2020,11,17,3:00,2.6,,-2,,72,,27,,22,,16.1,,100.38,,,,,,NA
-79.4,43.63,TORONTO CITY CENTRE,6158359,11/17/2020 4:00,2020,11,17,4:00,2.3,,-1.8,,75,,27,,21,,16.1,,100.37,,,,,,NA
-79.4,43.63,TORONTO CITY CENTRE,6158359,11/17/2020 5:00,2020,11,17,5:00,2.3,,-1.9,,74,,27,,15,,16.1,,100.38,,,,,,NA
-79.4,43.63,TORONTO CITY CENTRE,6158359,11/17/2020 6:00,2020,11,17,6:00,2.2,,-2.2,,73,,28,,17,,16.1,,100.44,,,,,,NA
-79.4,43.63,TORONTO CITY CENTRE,6158359,11/17/2020 7:00,2020,11,17,7:00,2.3,,-2.4,,71,,28,,17,,16.1,,100.48,,,,,,NA
-79.4,43.63,TORONTO CITY CENTRE,6158359,11/17/2020 8:00,2020,11,17,8:00,2.8,,-2.6,,68,,29,,18,,16.1,,100.58,,,,,,NA
-79.4,43.63,TORONTO CITY CENTRE,6158359,11/17/2020 9:00,2020,11,17,9:00,3,,-3.6,,62,,30,,32,,16.1,,100.66,,,,,,NA
-79.4,43.63,TORONTO CITY CENTRE,6158359,11/17/2020 10:00,2020,11,17,10:00,3.9,,-5.1,,52,,30,,32,,16.1,,100.74,,,,,,NA
-79.4,43.63,TORONTO CITY CENTRE,6158359,11/17/2020 11:00,2020,11,17,11:00,3.4,,-5.8,,51,,30,,32,,16.1,,100.83,,,,,,NA
-79.4,43.63,TORONTO CITY CENTRE,6158359,11/17/2020 12:00,2020,11,17,12:00,2.3,,-6.5,,52,,30,,30,,16.1,,100.92,,,,,,Rain
-79.4,43.63,TORONTO CITY CENTRE,6158359,11/17/2020 13:00,2020,11,17,13:00,1.2,,-6,,59,,30,,46,,16.1,,100.96,,,,,,NA
-79.4,43.63,TORONTO CITY CENTRE,6158359,11/17/2020 14:00,2020,11,17,14:00,1.6,,-11.3,,38,,29,,39,,16.1,,101.04,,,,,,NA
-79.4,43.63,TORONTO CITY CENTRE,6158359,11/17/2020 15:00,2020,11,17,15:00,0.8,,-11.4,,40,,31,,34,,16.1,,101.16,,,,,,NA
-79.4,43.63,TORONTO CITY CENTRE,6158359,11/17/2020 16:00,2020,11,17,16:00,1.2,,-10.4,,42,,31,,22,,16.1,,101.27,,,,,,NA
-79.4,43.63,TORONTO CITY CENTRE,6158359,11/17/2020 17:00,2020,11,17,17:00,0.3,,-9.8,,47,,31,,30,,16.1,,101.37,,,,,,NA
-79.4,43.63,TORONTO CITY CENTRE,6158359,11/17/2020 18:00,2020,11,17,18:00,-0.4,,-9,,52,,29,,24,,16.1,,101.47,,,,-6,,NA
-79.4,43.63,TORONTO CITY CENTRE,6158359,11/17/2020 19:00,2020,11,17,19:00,-0.7,,-9.4,,52,,30,,24,,16.1,,101.55,,,,-7,,NA
-79.4,43.63,TORONTO CITY CENTRE,6158359,11/17/2020 20:00,2020,11,17,20:00,-0.6,,-8.6,,55,,29,,26,,16.1,,101.59,,,,-7,,NA
-79.4,43.63,TORONTO CITY CENTRE,6158359,11/17/2020 21:00,2020,11,17,21:00,-0.5,,-7.8,,58,,29,,22,,16.1,,101.67,,,,-6,,NA
-79.4,43.63,TORONTO CITY CENTRE,6158359,11/17/2020 22:00,2020,11,17,22:00,-1,,-8.5,,57,,30,,24,,16.1,,101.75,,,,-7,,Snow
-79.4,43.63,TORONTO CITY CENTRE,6158359,11/17/2020 23:00,2020,11,17,23:00,-2.8,,-7,,73,,34,,15,,11.3,,101.87,,,,-8,,Snow
-79.4,43.63,TORONTO CITY CENTRE,6158359,11/18/2020 0:00,2020,11,18,0:00,-3.7,,-8.4,,70,,35,,15,,16.1,,101.98,,,,-9,,Snow
-79.4,43.63,TORONTO CITY CENTRE,6158359,11/18/2020 1:00,2020,11,18,1:00,-4.3,,-9.7,,66,,30,,11,,16.1,,102.04,,,,-9,,Snow
-79.4,43.63,TORONTO CITY CENTRE,6158359,11/18/2020 2:00,2020,11,18,2:00,-4.4,,-10.4,,63,,32,,11,,16.1,,102.13,,,,-9,,Snow
-79.4,43.63,TORONTO CITY CENTRE,6158359,11/18/2020 3:00,2020,11,18,3:00,-4.3,,-10,,65,,30,,9,,16.1,,102.18,,,,-8,,Snow
-79.4,43.63,TORONTO CITY CENTRE,6158359,11/18/2020 4:00,2020,11,18,4:00,-4.6,,-10.4,,64,,2,,13,,16.1,,102.24,,,,-10,,Snow
-79.4,43.63,TORONTO CITY CENTRE,6158359,11/18/2020 5:00,2020,11,18,5:00,-4.3,,-10.2,,64,,31,,9,,16.1,,102.35,,,,-8,,NA
-79.4,43.63,TORONTO CITY CENTRE,6158359,11/18/2020 6:00,2020,11,18,6:00,-4.4,,-10.8,,61,,,M,4,,16.1,,102.43,,,,-6,,NA
-79.4,43.63,TORONTO CITY CENTRE,6158359,11/18/2020 7:00,2020,11,18,7:00,-4,,-10.3,,62,,32,,8,,16.1,,102.48,,,,-7,,NA
-79.4,43.63,TORONTO CITY CENTRE,6158359,11/18/2020 8:00,2020,11,18,8:00,-3.7,,-9.8,,63,,29,,8,,16.1,,102.51,,,,-7,,Snow
-79.4,43.63,TORONTO CITY CENTRE,6158359,11/18/2020 9:00,2020,11,18,9:00,-2.9,,-9.2,,62,,,,0,,16.1,,102.55,,,,,,NA
-79.4,43.63,TORONTO CITY CENTRE,6158359,11/18/2020 10:00,2020,11,18,10:00,-2.5,,-8.4,,64,,24,,5,,16.1,,102.57,,,,-4,,Snow
-79.4,43.63,TORONTO CITY CENTRE,6158359,11/18/2020 11:00,2020,11,18,11:00,-2.3,,-7.6,,67,,23,,5,,16.1,,102.59,,,,-4,,Snow
-79.4,43.63,TORONTO CITY CENTRE,6158359,11/18/2020 12:00,2020,11,18,12:00,-1.6,,-7.1,,67,,,M,8,,16.1,,102.51,,,,-5,,NA
-79.4,43.63,TORONTO CITY CENTRE,6158359,11/18/2020 13:00,2020,11,18,13:00,-1,,-6.4,,67,,25,,8,,16.1,,102.48,,,,-4,,NA
-79.4,43.63,TORONTO CITY CENTRE,6158359,11/18/2020 14:00,2020,11,18,14:00,-0.5,,-6.1,,66,,18,,8,,16.1,,102.4,,,,-3,,NA
-79.4,43.63,TORONTO CITY CENTRE,6158359,11/18/2020 15:00,2020,11,18,15:00,-0.2,,-5.8,,66,,20,,8,,16.1,,102.4,,,,-3,,NA
-79.4,43.63,TORONTO CITY CENTRE,6158359,11/18/2020 16:00,2020,11,18,16:00,0.3,,-4.7,,69,,9,,5,,16.1,,102.4,,,,,,NA
-79.4,43.63,TORONTO CITY CENTRE,6158359,11/18/2020 17:00,2020,11,18,17:00,-0.4,,-4.7,,73,,8,,5,,16.1,,102.35,,,,-2,,NA
-79.4,43.63,TORONTO CITY CENTRE,6158359,11/18/2020 18:00,2020,11,18,18:00,0.1,,-4.2,,73,,12,,5,,16.1,,102.3,,,,,,NA
-79.4,43.63,TORONTO CITY CENTRE,6158359,11/18/2020 19:00,2020,11,18,19:00,1.4,,-3.6,,70,,17,,11,,16.1,,102.27,,,,,,NA
-79.4,43.63,TORONTO CITY CENTRE,6158359,11/18/2020 20:00,2020,11,18,20:00,2.2,,-3.1,,68,,19,,13,,16.1,,102.23,,,,,,NA
-79.4,43.63,TORONTO CITY CENTRE,6158359,11/18/2020 21:00,2020,11,18,21:00,3,,-2.2,,69,,20,,17,,16.1,,102.15,,,,,,NA
-79.4,43.63,TORONTO CITY CENTRE,6158359,11/18/2020 22:00,2020,11,18,22:00,3.1,,-2.4,,67,,18,,13,,16.1,,102.05,,,,,,NA
-79.4,43.63,TORONTO CITY CENTRE,6158359,11/18/2020 23:00,2020,11,18,23:00,3.5,,-1,,73,,19,,17,,16.1,,101.96,,,,,,NA
-79.4,43.63,TORONTO CITY CENTRE,6158359,11/19/2020 0:00,2020,11,19,0:00,4,,0.2,,76,,19,,17,,16.1,,101.94,,,,,,NA
-79.4,43.63,TORONTO CITY CENTRE,6158359,11/19/2020 1:00,2020,11,19,1:00,3.8,,0,,76,,18,,17,,16.1,,101.86,,,,,,NA
-79.4,43.63,TORONTO CITY CENTRE,6158359,11/19/2020 2:00,2020,11,19,2:00,4.8,,0.2,,72,,19,,18,,16.1,,101.76,,,,,,NA
-79.4,43.63,TORONTO CITY CENTRE,6158359,11/19/2020 3:00,2020,11,19,3:00,5.4,,0.8,,72,,20,,18,,16.1,,101.66,,,,,,NA
-79.4,43.63,TORONTO CITY CENTRE,6158359,11/19/2020 4:00,2020,11,19,4:00,5.8,,1,,71,,20,,22,,16.1,,101.58,,,,,,NA
-79.4,43.63,TORONTO CITY CENTRE,6158359,11/19/2020 5:00,2020,11,19,5:00,6,,0.6,,68,,19,,22,,16.1,,101.49,,,,,,NA
-79.4,43.63,TORONTO CITY CENTRE,6158359,11/19/2020 6:00,2020,11,19,6:00,6.3,,0.6,,67,,21,,26,,16.1,,101.35,,,,,,NA
-79.4,43.63,TORONTO CITY CENTRE,6158359,11/19/2020 7:00,2020,11,19,7:00,6.4,,0.7,,67,,21,,26,,16.1,,101.25,,,,,,NA
-79.4,43.63,TORONTO CITY CENTRE,6158359,11/19/2020 8:00,2020,11,19,8:00,6.4,,1.7,,72,,22,,15,,16.1,,101.19,,,,,,NA
-79.4,43.63,TORONTO CITY CENTRE,6158359,11/19/2020 9:00,2020,11,19,9:00,7.2,,1.3,,66,,22,,21,,16.1,,101.15,,,,,,NA
-79.4,43.63,TORONTO CITY CENTRE,6158359,11/19/2020 10:00,2020,11,19,10:00,8,,2.4,,68,,22,,18,,16.1,,101.04,,,,,,NA
-79.4,43.63,TORONTO CITY CENTRE,6158359,11/19/2020 11:00,2020,11,19,11:00,8.4,,3,,69,,20,,11,,16.1,,100.93,,,,,,NA
-79.4,43.63,TORONTO CITY CENTRE,6158359,11/19/2020 12:00,2020,11,19,12:00,9,,3.1,,67,,21,,21,,16.1,,100.78,,,,,,NA
-79.4,43.63,TORONTO CITY CENTRE,6158359,11/19/2020 13:00,2020,11,19,13:00,11.3,,2.8,,56,,23,,26,,16.1,,100.66,,,,,,NA
-79.4,43.63,TORONTO CITY CENTRE,6158359,11/19/2020 14:00,2020,11,19,14:00,12.4,,2.6,,51,,24,,34,,16.1,,100.63,,,,,,NA
-79.4,43.63,TORONTO CITY CENTRE,6158359,11/19/2020 15:00,2020,11,19,15:00,10.9,,3.5,,60,,23,,22,,16.1,,100.61,,,,,,NA
-79.4,43.63,TORONTO CITY CENTRE,6158359,11/19/2020 16:00,2020,11,19,16:00,11.8,,2.6,,53,,24,,34,,16.1,,100.61,,,,,,NA
-79.4,43.63,TORONTO CITY CENTRE,6158359,11/19/2020 17:00,2020,11,19,17:00,11.4,,2.8,,55,,23,,28,,16.1,,100.62,,,,,,NA
-79.4,43.63,TORONTO CITY CENTRE,6158359,11/19/2020 18:00,2020,11,19,18:00,10.7,,3.3,,60,,24,,26,,16.1,,100.64,,,,,,NA
-79.4,43.63,TORONTO CITY CENTRE,6158359,11/19/2020 19:00,2020,11,19,19:00,8.9,,4.2,,72,,25,,17,,16.1,,100.7,,,,,,NA
-79.4,43.63,TORONTO CITY CENTRE,6158359,11/19/2020 20:00,2020,11,19,20:00,8.6,,4.3,,74,,26,,11,,16.1,,100.76,,,,,,NA
-79.4,43.63,TORONTO CITY CENTRE,6158359,11/19/2020 21:00,2020,11,19,21:00,7.8,,5.1,,83,,25,,13,,16.1,,100.78,,,,,,NA
-79.4,43.63,TORONTO CITY CENTRE,6158359,11/19/2020 22:00,2020,11,19,22:00,9.5,,4.7,,72,,21,,26,,16.1,,100.8,,,,,,NA
-79.4,43.63,TORONTO CITY CENTRE,6158359,11/19/2020 23:00,2020,11,19,23:00,8.7,,4.7,,76,,22,,17,,16.1,,100.82,,,,,,NA
-79.4,43.63,TORONTO CITY CENTRE,6158359,11/20/2020 0:00,2020,11,20,0:00,9.2,,3.6,,68,,23,,17,,16.1,,100.82,,,,,,NA
-79.4,43.63,TORONTO CITY CENTRE,6158359,11/20/2020 1:00,2020,11,20,1:00,10.5,,3.1,,60,,24,,22,,16.1,,100.85,,,,,,NA
-79.4,43.63,TORONTO CITY CENTRE,6158359,11/20/2020 2:00,2020,11,20,2:00,9.6,,3.4,,65,,24,,15,,16.1,,100.85,,,,,,NA
-79.4,43.63,TORONTO CITY CENTRE,6158359,11/20/2020 3:00,2020,11,20,3:00,9.7,,3.9,,67,,23,,17,,16.1,,100.86,,,,,,NA
-79.4,43.63,TORONTO CITY CENTRE,6158359,11/20/2020 4:00,2020,11,20,4:00,9.5,,3.9,,68,,22,,17,,16.1,,100.84,,,,,,NA
-79.4,43.63,TORONTO CITY CENTRE,6158359,11/20/2020 5:00,2020,11,20,5:00,9.2,,4.2,,71,,,M,4,,16.1,,100.87,,,,,,NA
-79.4,43.63,TORONTO CITY CENTRE,6158359,11/20/2020 6:00,2020,11,20,6:00,9.8,,4.2,,68,,22,,9,,16.1,,100.87,,,,,,NA
-79.4,43.63,TORONTO CITY CENTRE,6158359,11/20/2020 7:00,2020,11,20,7:00,9.2,,4.4,,72,,26,,8,,16.1,,100.89,,,,,,NA
-79.4,43.63,TORONTO CITY CENTRE,6158359,11/20/2020 8:00,2020,11,20,8:00,9,,4.8,,75,,24,,15,,16.1,,100.91,,,,,,NA
-79.4,43.63,TORONTO CITY CENTRE,6158359,11/20/2020 9:00,2020,11,20,9:00,9.9,,4.9,,71,,24,,21,,16.1,,100.94,,,,,,NA
-79.4,43.63,TORONTO CITY CENTRE,6158359,11/20/2020 10:00,2020,11,20,10:00,11.1,,4.6,,64,,23,,26,,16.1,,100.92,,,,,,NA
-79.4,43.63,TORONTO CITY CENTRE,6158359,11/20/2020 11:00,2020,11,20,11:00,11.2,,5,,66,,23,,26,,16.1,,100.9,,,,,,NA
-79.4,43.63,TORONTO CITY CENTRE,6158359,11/20/2020 12:00,2020,11,20,12:00,11,,5.1,,67,,22,,28,,16.1,,100.86,,,,,,NA
-79.4,43.63,TORONTO CITY CENTRE,6158359,11/20/2020 13:00,2020,11,20,13:00,11.7,,5.6,,66,,22,,22,,16.1,,100.88,,,,,,NA
-79.4,43.63,TORONTO CITY CENTRE,6158359,11/20/2020 14:00,2020,11,20,14:00,11.7,,5.6,,66,,21,,30,,16.1,,100.87,,,,,,NA
-79.4,43.63,TORONTO CITY CENTRE,6158359,11/20/2020 15:00,2020,11,20,15:00,11.1,,5.5,,68,,21,,32,,16.1,,100.91,,,,,,NA
-79.4,43.63,TORONTO CITY CENTRE,6158359,11/20/2020 16:00,2020,11,20,16:00,10.6,,5.6,,71,,22,,32,,16.1,,101,,,,,,NA
-79.4,43.63,TORONTO CITY CENTRE,6158359,11/20/2020 17:00,2020,11,20,17:00,9.2,,5.6,,78,,22,,26,,16.1,,101.13,,,,,,NA
-79.4,43.63,TORONTO CITY CENTRE,6158359,11/20/2020 18:00,2020,11,20,18:00,9.3,,5.5,,77,,22,,22,,16.1,,101.21,,,,,,NA
-79.4,43.63,TORONTO CITY CENTRE,6158359,11/20/2020 19:00,2020,11,20,19:00,7.7,,5.5,,86,,27,,11,,16.1,,101.27,,,,,,NA
-79.4,43.63,TORONTO CITY CENTRE,6158359,11/20/2020 20:00,2020,11,20,20:00,7.5,,5.5,,87,,27,,13,,16.1,,101.32,,,,,,NA
-79.4,43.63,TORONTO CITY CENTRE,6158359,11/20/2020 21:00,2020,11,20,21:00,10.2,,6.2,,76,,27,,18,,16.1,,101.39,,,,,,NA
-79.4,43.63,TORONTO CITY CENTRE,6158359,11/20/2020 22:00,2020,11,20,22:00,9.2,,5.1,,76,,33,,21,,16.1,,101.51,,,,,,NA
-79.4,43.63,TORONTO CITY CENTRE,6158359,11/20/2020 23:00,2020,11,20,23:00,8.5,,4,,73,,30,,17,,16.1,,101.6,,,,,,NA
-79.4,43.63,TORONTO CITY CENTRE,6158359,11/21/2020 0:00,2020,11,21,0:00,8,,3.3,,72,,30,,17,,16.1,,101.67,,,,,,NA
-79.4,43.63,TORONTO CITY CENTRE,6158359,11/21/2020 1:00,2020,11,21,1:00,7.4,,2,,68,,31,,18,,16.1,,101.69,,,,,,NA
-79.4,43.63,TORONTO CITY CENTRE,6158359,11/21/2020 2:00,2020,11,21,2:00,6.7,,0.4,,64,,29,,18,,16.1,,101.78,,,,,,NA
-79.4,43.63,TORONTO CITY CENTRE,6158359,11/21/2020 3:00,2020,11,21,3:00,6.3,,-0.4,,62,,32,,11,,16.1,,101.89,,,,,,NA
-79.4,43.63,TORONTO CITY CENTRE,6158359,11/21/2020 4:00,2020,11,21,4:00,5.3,,-1.6,,61,,31,,15,,16.1,,101.97,,,,,,NA
-79.4,43.63,TORONTO CITY CENTRE,6158359,11/21/2020 5:00,2020,11,21,5:00,4.7,,-1.8,,63,,27,,17,,16.1,,102.07,,,,,,NA
-79.4,43.63,TORONTO CITY CENTRE,6158359,11/21/2020 6:00,2020,11,21,6:00,4.5,,-2.8,,59,,29,,15,,16.1,,102.13,,,,,,NA
-79.4,43.63,TORONTO CITY CENTRE,6158359,11/21/2020 7:00,2020,11,21,7:00,4.6,,-2.4,,60,,30,,21,,16.1,,102.17,,,,,,NA
-79.4,43.63,TORONTO CITY CENTRE,6158359,11/21/2020 8:00,2020,11,21,8:00,4.8,,-2.2,,60,,26,,9,,16.1,,102.23,,,,,,NA
-79.4,43.63,TORONTO CITY CENTRE,6158359,11/21/2020 9:00,2020,11,21,9:00,5.2,,-2.3,,59,,27,,9,,16.1,,102.25,,,,,,NA
-79.4,43.63,TORONTO CITY CENTRE,6158359,11/21/2020 10:00,2020,11,21,10:00,5.4,,-1.7,,60,,30,,11,,16.1,,102.28,,,,,,NA
-79.4,43.63,TORONTO CITY CENTRE,6158359,11/21/2020 11:00,2020,11,21,11:00,5.5,,-2.5,,56,,28,,13,,16.1,,102.3,,,,,,NA
-79.4,43.63,TORONTO CITY CENTRE,6158359,11/21/2020 12:00,2020,11,21,12:00,5.6,,-2.3,,57,,28,,21,,16.1,,102.28,,,,,,NA
-79.4,43.63,TORONTO CITY CENTRE,6158359,11/21/2020 13:00,2020,11,21,13:00,5.8,,-2.3,,56,,30,,17,,16.1,,102.26,,,,,,NA
-79.4,43.63,TORONTO CITY CENTRE,6158359,11/21/2020 14:00,2020,11,21,14:00,5.7,,-3.7,,51,,31,,18,,16.1,,102.28,,,,,,NA
-79.4,43.63,TORONTO CITY CENTRE,6158359,11/21/2020 15:00,2020,11,21,15:00,5.5,,-3.3,,53,,28,,15,,16.1,,102.29,,,,,,NA
-79.4,43.63,TORONTO CITY CENTRE,6158359,11/21/2020 16:00,2020,11,21,16:00,5.5,,-3.3,,53,,32,,11,,16.1,,102.3,,,,,,NA
-79.4,43.63,TORONTO CITY CENTRE,6158359,11/21/2020 17:00,2020,11,21,17:00,5.1,,-3.5,,54,,32,,15,,16.1,,102.37,,,,,,NA
-79.4,43.63,TORONTO CITY CENTRE,6158359,11/21/2020 18:00,2020,11,21,18:00,4.8,,-4,,53,,34,,9,,16.1,,102.41,,,,,,NA
-79.4,43.63,TORONTO CITY CENTRE,6158359,11/21/2020 19:00,2020,11,21,19:00,4.6,,-3.9,,54,,33,,9,,16.1,,102.42,,,,,,NA
-79.4,43.63,TORONTO CITY CENTRE,6158359,11/21/2020 20:00,2020,11,21,20:00,4.6,,-3.7,,55,,31,,9,,16.1,,102.42,,,,,,NA
-79.4,43.63,TORONTO CITY CENTRE,6158359,11/21/2020 21:00,2020,11,21,21:00,4.2,,-4.3,,54,,35,,9,,16.1,,102.44,,,,,,NA
-79.4,43.63,TORONTO CITY CENTRE,6158359,11/21/2020 22:00,2020,11,21,22:00,3.9,,-4.9,,53,,33,,11,,16.1,,102.43,,,,,,NA
-79.4,43.63,TORONTO CITY CENTRE,6158359,11/21/2020 23:00,2020,11,21,23:00,3.1,,-5.3,,54,,33,,15,,16.1,,102.38,,,,,,NA
-79.4,43.63,TORONTO CITY CENTRE,6158359,11/22/2020 0:00,2020,11,22,0:00,3.1,,-5.1,,55,,36,,8,,16.1,,102.35,,,,,,NA
-79.4,43.63,TORONTO CITY CENTRE,6158359,11/22/2020 1:00,2020,11,22,1:00,1.6,,-4.9,,62,,33,,4,,16.1,,102.38,,,,,,NA
-79.4,43.63,TORONTO CITY CENTRE,6158359,11/22/2020 2:00,2020,11,22,2:00,1.9,,-4.7,,62,,5,,11,,16.1,,102.35,,,,,,NA
-79.4,43.63,TORONTO CITY CENTRE,6158359,11/22/2020 3:00,2020,11,22,3:00,2.5,,-4.8,,59,,6,,13,,16.1,,102.31,,,,,,NA
-79.4,43.63,TORONTO CITY CENTRE,6158359,11/22/2020 4:00,2020,11,22,4:00,2.5,,-3.2,,66,,6,,13,,16.1,,102.27,,,,,,NA
-79.4,43.63,TORONTO CITY CENTRE,6158359,11/22/2020 5:00,2020,11,22,5:00,2.6,,-2.1,,71,,6,,18,,16.1,,102.2,,,,,,NA
-79.4,43.63,TORONTO CITY CENTRE,6158359,11/22/2020 6:00,2020,11,22,6:00,3,,-2.5,,67,,7,,22,,16.1,,102.19,,,,,,NA
-79.4,43.63,TORONTO CITY CENTRE,6158359,11/22/2020 7:00,2020,11,22,7:00,2.9,,-2.5,,68,,6,,24,,16.1,,102.14,,,,,,NA
-79.4,43.63,TORONTO CITY CENTRE,6158359,11/22/2020 8:00,2020,11,22,8:00,3,,-2.5,,67,,6,,30,,16.1,,102.12,,,,,,NA
-79.4,43.63,TORONTO CITY CENTRE,6158359,11/22/2020 9:00,2020,11,22,9:00,2.5,,-0.4,,81,,7,,26,,16.1,,102.07,,,,,,Rain
-79.4,43.63,TORONTO CITY CENTRE,6158359,11/22/2020 10:00,2020,11,22,10:00,1.4,,0.7,,95,,9,,21,,8.1,,102,,,,,,Snow
-79.4,43.63,TORONTO CITY CENTRE,6158359,11/22/2020 11:00,2020,11,22,11:00,0.5,,0.2,,98,,6,,26,,4,,101.86,,,,,,Snow
-79.4,43.63,TORONTO CITY CENTRE,6158359,11/22/2020 12:00,2020,11,22,12:00,0.9,,0.6,,98,,6,,32,,4.8,,101.66,,,,,,Snow
-79.4,43.63,TORONTO CITY CENTRE,6158359,11/22/2020 13:00,2020,11,22,13:00,0.8,,0.4,,97,,6,,28,,4.8,,101.44,,,,,,Snow
-79.4,43.63,TORONTO CITY CENTRE,6158359,11/22/2020 14:00,2020,11,22,14:00,1.2,,0.9,,98,,7,,32,,4,,101.27,,,,,,Snow
-79.4,43.63,TORONTO CITY CENTRE,6158359,11/22/2020 15:00,2020,11,22,15:00,0.6,,0.3,,98,,6,,32,,2,,101.11,,,,,,Snow
-79.4,43.63,TORONTO CITY CENTRE,6158359,11/22/2020 16:00,2020,11,22,16:00,0.7,,0.4,,98,,6,,32,,4,,100.95,,,,,,Snow
-79.4,43.63,TORONTO CITY CENTRE,6158359,11/22/2020 17:00,2020,11,22,17:00,0.8,,0.2,,96,,5,,32,,4,,100.83,,,,,,Snow
-79.4,43.63,TORONTO CITY CENTRE,6158359,11/22/2020 18:00,2020,11,22,18:00,1,,0.3,,95,,5,,35,,11.3,,100.75,,,,,,Snow
-79.4,43.63,TORONTO CITY CENTRE,6158359,11/22/2020 19:00,2020,11,22,19:00,1.3,,0.3,,93,,2,,22,,9.7,,100.66,,,,,,Snow
-79.4,43.63,TORONTO CITY CENTRE,6158359,11/22/2020 20:00,2020,11,22,20:00,1.4,,0.2,,92,,36,,21,,12.9,,100.6,,,,,,Snow
-79.4,43.63,TORONTO CITY CENTRE,6158359,11/22/2020 21:00,2020,11,22,21:00,1.3,,0,,91,,35,,13,,11.3,,100.51,,,,,,NA
-79.4,43.63,TORONTO CITY CENTRE,6158359,11/22/2020 22:00,2020,11,22,22:00,0.9,,-0.6,,90,,35,,13,,16.1,,100.46,,,,,,Rain
-79.4,43.63,TORONTO CITY CENTRE,6158359,11/22/2020 23:00,2020,11,22,23:00,0.8,,-0.7,,90,,33,,22,,16.1,,100.45,,,,,,Rain
-79.4,43.63,TORONTO CITY CENTRE,6158359,11/23/2020 0:00,2020,11,23,0:00,0.7,,-0.9,,89,,33,,22,,16.1,,100.48,,,,,,Rain
-79.4,43.63,TORONTO CITY CENTRE,6158359,11/23/2020 1:00,2020,11,23,1:00,1,,-0.6,,89,,32,,21,,16.1,,100.54,,,,,,NA
-79.4,43.63,TORONTO CITY CENTRE,6158359,11/23/2020 2:00,2020,11,23,2:00,0.6,,-1.3,,87,,30,,24,,16.1,,100.61,,,,,,NA
-79.4,43.63,TORONTO CITY CENTRE,6158359,11/23/2020 3:00,2020,11,23,3:00,0.6,,-1.5,,86,,29,,15,,16.1,,100.75,,,,,,NA
-79.4,43.63,TORONTO CITY CENTRE,6158359,11/23/2020 4:00,2020,11,23,4:00,0.2,,-1.4,,89,,28,,11,,16.1,,100.81,,,,,,NA
-79.4,43.63,TORONTO CITY CENTRE,6158359,11/23/2020 5:00,2020,11,23,5:00,0.1,,-1.8,,87,,27,,17,,16.1,,100.87,,,,,,NA
-79.4,43.63,TORONTO CITY CENTRE,6158359,11/23/2020 6:00,2020,11,23,6:00,-0.2,,-2.1,,87,,28,,5,,16.1,,100.96,,,,-2,,NA
-79.4,43.63,TORONTO CITY CENTRE,6158359,11/23/2020 7:00,2020,11,23,7:00,0.9,,-1.2,,86,,25,,5,,16.1,,100.99,,,,,,NA
-79.4,43.63,TORONTO CITY CENTRE,6158359,11/23/2020 8:00,2020,11,23,8:00,1.3,,-0.2,,90,,25,,22,,16.1,,101.07,,,,,,NA
-79.4,43.63,TORONTO CITY CENTRE,6158359,11/23/2020 9:00,2020,11,23,9:00,1.7,,0.1,,89,,25,,21,,16.1,,101.09,,,,,,NA
-79.4,43.63,TORONTO CITY CENTRE,6158359,11/23/2020 10:00,2020,11,23,10:00,2.2,,0.4,,88,,25,,15,,16.1,,101.1,,,,,,NA
-79.4,43.63,TORONTO CITY CENTRE,6158359,11/23/2020 11:00,2020,11,23,11:00,3.1,,0.7,,84,,25,,18,,16.1,,101.09,,,,,,NA
-79.4,43.63,TORONTO CITY CENTRE,6158359,11/23/2020 12:00,2020,11,23,12:00,3.1,,1.2,,87,,25,,18,,16.1,,101.05,,,,,,NA
-79.4,43.63,TORONTO CITY CENTRE,6158359,11/23/2020 13:00,2020,11,23,13:00,3.2,,1.4,,88,,24,,21,,11.3,,101.05,,,,,,NA
-79.4,43.63,TORONTO CITY CENTRE,6158359,11/23/2020 14:00,2020,11,23,14:00,3.8,,1.7,,86,,24,,17,,9.7,,101.04,,,,,,Fog
-79.4,43.63,TORONTO CITY CENTRE,6158359,11/23/2020 15:00,2020,11,23,15:00,4.5,,1.9,,83,,26,,18,,11.3,,101.07,,,,,,NA
-79.4,43.63,TORONTO CITY CENTRE,6158359,11/23/2020 16:00,2020,11,23,16:00,4.4,,2.3,,86,,25,,21,,12.9,,101.13,,,,,,NA
-79.4,43.63,TORONTO CITY CENTRE,6158359,11/23/2020 17:00,2020,11,23,17:00,4.5,,1,,78,,27,,26,,16.1,,101.19,,,,,,NA
-79.4,43.63,TORONTO CITY CENTRE,6158359,11/23/2020 18:00,2020,11,23,18:00,4.1,,-0.1,,74,,28,,26,,16.1,,101.27,,,,,,NA
-79.4,43.63,TORONTO CITY CENTRE,6158359,11/23/2020 19:00,2020,11,23,19:00,3.5,,-1.1,,72,,28,,26,,16.1,,101.34,,,,,,NA
-79.4,43.63,TORONTO CITY CENTRE,6158359,11/23/2020 20:00,2020,11,23,20:00,2.8,,-1.3,,75,,27,,22,,16.1,,101.41,,,,,,NA
-79.4,43.63,TORONTO CITY CENTRE,6158359,11/23/2020 21:00,2020,11,23,21:00,2.5,,-1.5,,75,,28,,24,,16.1,,101.44,,,,,,NA
-79.4,43.63,TORONTO CITY CENTRE,6158359,11/23/2020 22:00,2020,11,23,22:00,2.5,,-1.1,,77,,28,,22,,16.1,,101.46,,,,,,NA
-79.4,43.63,TORONTO CITY CENTRE,6158359,11/23/2020 23:00,2020,11,23,23:00,2.6,,-0.5,,80,,30,,24,,16.1,,101.48,,,,,,Rain
-79.4,43.63,TORONTO CITY CENTRE,6158359,11/24/2020 0:00,2020,11,24,0:00,2.6,,-0.9,,78,,30,,21,,16.1,,101.53,,,,,,NA
-79.4,43.63,TORONTO CITY CENTRE,6158359,11/24/2020 1:00,2020,11,24,1:00,2.3,,-0.5,,82,,31,,17,,16.1,,101.54,,,,,,NA
-79.4,43.63,TORONTO CITY CENTRE,6158359,11/24/2020 2:00,2020,11,24,2:00,2.1,,-0.5,,83,,32,,13,,16.1,,101.58,,,,,,NA
-79.4,43.63,TORONTO CITY CENTRE,6158359,11/24/2020 3:00,2020,11,24,3:00,1.5,,-1,,83,,31,,13,,16.1,,101.64,,,,,,NA
-79.4,43.63,TORONTO CITY CENTRE,6158359,11/24/2020 4:00,2020,11,24,4:00,1.1,,-2.3,,78,,32,,15,,16.1,,101.71,,,,,,NA
-79.4,43.63,TORONTO CITY CENTRE,6158359,11/24/2020 5:00,2020,11,24,5:00,0.2,,-4.3,,72,,32,,18,,16.1,,101.78,,,,,,NA
-79.4,43.63,TORONTO CITY CENTRE,6158359,11/24/2020 6:00,2020,11,24,6:00,-0.2,,-4.8,,71,,35,,15,,16.1,,101.89,,,,-5,,NA
-79.4,43.63,TORONTO CITY CENTRE,6158359,11/24/2020 7:00,2020,11,24,7:00,-0.1,,-4.7,,71,,2,,11,,16.1,,101.98,,,,-4,,NA
-79.4,43.63,TORONTO CITY CENTRE,6158359,11/24/2020 8:00,2020,11,24,8:00,-0.4,,-5.2,,70,,36,,18,,16.1,,102.05,,,,-5,,NA
-79.4,43.63,TORONTO CITY CENTRE,6158359,11/24/2020 9:00,2020,11,24,9:00,-0.5,,-5.4,,69,,1,,11,,16.1,,102.06,,,,-4,,NA
-79.4,43.63,TORONTO CITY CENTRE,6158359,11/24/2020 10:00,2020,11,24,10:00,,,,,,,,,,,,,,,,,,,
-79.4,43.63,TORONTO CITY CENTRE,6158359,11/24/2020 11:00,2020,11,24,11:00,-0.1,,-5.7,,66,,6,,15,,16.1,,102.12,,,,-5,,NA
-79.4,43.63,TORONTO CITY CENTRE,6158359,11/24/2020 12:00,2020,11,24,12:00,0.8,,-4.8,,66,,,M,5,,16.1,,102.07,,,,,,NA
-79.4,43.63,TORONTO CITY CENTRE,6158359,11/24/2020 13:00,2020,11,24,13:00,0.6,,-4.4,,69,,19,,11,,16.1,,102.01,,,,,,NA
-79.4,43.63,TORONTO CITY CENTRE,6158359,11/24/2020 14:00,2020,11,24,14:00,0.4,,-4.6,,69,,8,,13,,16.1,,101.94,,,,,,NA
-79.4,43.63,TORONTO CITY CENTRE,6158359,11/24/2020 15:00,2020,11,24,15:00,0.2,,-4,,73,,8,,18,,16.1,,101.87,,,,,,NA
-79.4,43.63,TORONTO CITY CENTRE,6158359,11/24/2020 16:00,2020,11,24,16:00,0.2,,-3.6,,76,,6,,22,,16.1,,101.85,,,,,,NA
-79.4,43.63,TORONTO CITY CENTRE,6158359,11/24/2020 17:00,2020,11,24,17:00,0.9,,-2.4,,79,,6,,18,,16.1,,101.81,,,,,,NA
-79.4,43.63,TORONTO CITY CENTRE,6158359,11/24/2020 18:00,2020,11,24,18:00,1.9,,-0.2,,86,,7,,28,,16.1,,101.76,,,,,,NA
-79.4,43.63,TORONTO CITY CENTRE,6158359,11/24/2020 19:00,2020,11,24,19:00,2,,-0.1,,86,,7,,32,,16.1,,101.7,,,,,,NA
-79.4,43.63,TORONTO CITY CENTRE,6158359,11/24/2020 20:00,2020,11,24,20:00,2.7,,0.9,,88,,8,,18,,16.1,,101.69,,,,,,NA
-79.4,43.63,TORONTO CITY CENTRE,6158359,11/24/2020 21:00,2020,11,24,21:00,3.2,,-0.4,,77,,9,,21,,16.1,,101.52,,,,,,NA
-79.4,43.63,TORONTO CITY CENTRE,6158359,11/24/2020 22:00,2020,11,24,22:00,3.1,,-0.4,,78,,9,,24,,16.1,,101.45,,,,,,NA
-79.4,43.63,TORONTO CITY CENTRE,6158359,11/24/2020 23:00,2020,11,24,23:00,1.9,,0.8,,92,,11,,22,,16.1,,101.34,,,,,,Rain
-79.4,43.63,TORONTO CITY CENTRE,6158359,11/25/2020 0:00,2020,11,25,0:00,2,,1.4,,96,,10,,17,,9.7,,101.24,,,,,,"Rain,Fog"
-79.4,43.63,TORONTO CITY CENTRE,6158359,11/25/2020 1:00,2020,11,25,1:00,2.3,,1.6,,95,,8,,22,,16.1,,101.12,,,,,,Rain
-79.4,43.63,TORONTO CITY CENTRE,6158359,11/25/2020 2:00,2020,11,25,2:00,3.1,,1.9,,92,,9,,18,,16.1,,101.08,,,,,,NA
-79.4,43.63,TORONTO CITY CENTRE,6158359,11/25/2020 3:00,2020,11,25,3:00,3.5,,2.3,,92,,7,,21,,16.1,,101.06,,,,,,Rain
-79.4,43.63,TORONTO CITY CENTRE,6158359,11/25/2020 4:00,2020,11,25,4:00,3.8,,2.8,,93,,8,,21,,16.1,,100.95,,,,,,NA
-79.4,43.63,TORONTO CITY CENTRE,6158359,11/25/2020 5:00,2020,11,25,5:00,4.4,,2.5,,88,,8,,21,,16.1,,100.83,,,,,,NA
-79.4,43.63,TORONTO CITY CENTRE,6158359,11/25/2020 6:00,2020,11,25,6:00,4.9,,2.3,,83,,10,,13,,16.1,,100.83,,,,,,NA
-79.4,43.63,TORONTO CITY CENTRE,6158359,11/25/2020 7:00,2020,11,25,7:00,4.9,,2.9,,87,,6,,13,,16.1,,100.83,,,,,,NA
-79.4,43.63,TORONTO CITY CENTRE,6158359,11/25/2020 8:00,2020,11,25,8:00,4.7,,3.2,,90,,6,,18,,16.1,,100.75,,,,,,NA
-79.4,43.63,TORONTO CITY CENTRE,6158359,11/25/2020 9:00,2020,11,25,9:00,5.5,,3.4,,86,,6,,13,,16.1,,100.77,,,,,,NA
-79.4,43.63,TORONTO CITY CENTRE,6158359,11/25/2020 10:00,2020,11,25,10:00,5.9,,3.8,,86,,7,,15,,16.1,,100.76,,,,,,NA
-79.4,43.63,TORONTO CITY CENTRE,6158359,11/25/2020 11:00,2020,11,25,11:00,5.9,,3.6,,85,,8,,13,,16.1,,100.77,,,,,,NA
-79.4,43.63,TORONTO CITY CENTRE,6158359,11/25/2020 12:00,2020,11,25,12:00,6.1,,3.7,,84,,8,,11,,16.1,,100.74,,,,,,NA
-79.4,43.63,TORONTO CITY CENTRE,6158359,11/25/2020 13:00,2020,11,25,13:00,6.4,,3.7,,83,,10,,9,,16.1,,100.71,,,,,,NA
-79.4,43.63,TORONTO CITY CENTRE,6158359,11/25/2020 14:00,2020,11,25,14:00,5.9,,4.2,,89,,8,,9,,16.1,,100.64,,,,,,NA
-79.4,43.63,TORONTO CITY CENTRE,6158359,11/25/2020 15:00,2020,11,25,15:00,6.3,,4.1,,86,,8,,8,,16.1,,100.6,,,,,,NA
-79.4,43.63,TORONTO CITY CENTRE,6158359,11/25/2020 16:00,2020,11,25,16:00,6.5,,4.3,,86,,7,,13,,16.1,,100.58,,,,,,Rain
-79.4,43.63,TORONTO CITY CENTRE,6158359,11/25/2020 17:00,2020,11,25,17:00,6.3,,5.2,,93,,7,,11,,14.5,,100.56,,,,,,Rain
-79.4,43.63,TORONTO CITY CENTRE,6158359,11/25/2020 18:00,2020,11,25,18:00,6.5,,5.9,,96,,7,,13,,8.1,,100.5,,,,,,"Rain,Fog"
-79.4,43.63,TORONTO CITY CENTRE,6158359,11/25/2020 19:00,2020,11,25,19:00,7.2,,6.9,,98,,7,,13,,4.8,,100.5,,,,,,"Rain,Fog"
-79.4,43.63,TORONTO CITY CENTRE,6158359,11/25/2020 20:00,2020,11,25,20:00,7.2,,6.9,,98,,7,,11,,4.8,,100.44,,,,,,"Rain,Fog"
-79.4,43.63,TORONTO CITY CENTRE,6158359,11/25/2020 21:00,2020,11,25,21:00,7.1,,7,,99,,7,,15,,2.4,,100.4,,,,,,"Rain,Fog"
-79.4,43.63,TORONTO CITY CENTRE,6158359,11/25/2020 22:00,2020,11,25,22:00,7.1,,7,,99,,7,,15,,2,,100.35,,,,,,"Rain,Fog"
-79.4,43.63,TORONTO CITY CENTRE,6158359,11/25/2020 23:00,2020,11,25,23:00,6.8,,6.7,,99,,8,,15,,3.6,,100.29,,,,,,"Rain,Fog"
-79.4,43.63,TORONTO CITY CENTRE,6158359,11/26/2020 0:00,2020,11,26,0:00,6.9,,6.9,,100,,7,,21,,4,,100.2,,,,,,Fog
-79.4,43.63,TORONTO CITY CENTRE,6158359,11/26/2020 1:00,2020,11,26,1:00,6.7,,6.6,,99,,7,,22,,8.1,,100.14,,,,,,"Rain,Fog"
-79.4,43.63,TORONTO CITY CENTRE,6158359,11/26/2020 2:00,2020,11,26,2:00,6.3,,6.2,,99,,7,,22,,9.7,,100.04,,,,,,Fog
-79.4,43.63,TORONTO CITY CENTRE,6158359,11/26/2020 3:00,2020,11,26,3:00,6.4,,5.8,,96,,6,,28,,8.1,,100.02,,,,,,"Rain,Fog"
-79.4,43.63,TORONTO CITY CENTRE,6158359,11/26/2020 4:00,2020,11,26,4:00,6.3,,5.9,,97,,6,,24,,8.1,,99.92,,,,,,"Rain,Fog"
-79.4,43.63,TORONTO CITY CENTRE,6158359,11/26/2020 5:00,2020,11,26,5:00,6.7,,6.3,,97,,7,,22,,8.1,,99.93,,,,,,Fog
-79.4,43.63,TORONTO CITY CENTRE,6158359,11/26/2020 6:00,2020,11,26,6:00,7.1,,6.7,,97,,7,,21,,6.4,,99.93,,,,,,Fog
-79.4,43.63,TORONTO CITY CENTRE,6158359,11/26/2020 7:00,2020,11,26,7:00,7.1,,6.8,,98,,,M,8,,3.6,,99.94,,,,,,Fog
-79.4,43.63,TORONTO CITY CENTRE,6158359,11/26/2020 8:00,2020,11,26,8:00,7.1,,6.7,,97,,8,,17,,4.8,,99.97,,,,,,Fog
-79.4,43.63,TORONTO CITY CENTRE,6158359,11/26/2020 9:00,2020,11,26,9:00,7.8,,7.4,,97,,7,,17,,6.4,,99.99,,,,,,Fog
-79.4,43.63,TORONTO CITY CENTRE,6158359,11/26/2020 10:00,2020,11,26,10:00,8.1,,7.5,,96,,9,,5,,6.4,,100.08,,,,,,Fog
-79.4,43.63,TORONTO CITY CENTRE,6158359,11/26/2020 11:00,2020,11,26,11:00,7.8,,7.5,,98,,25,,8,,1.6,,100.12,,,,,,Fog
-79.4,43.63,TORONTO CITY CENTRE,6158359,11/26/2020 12:00,2020,11,26,12:00,7.2,,7.1,,99,,23,,11,,1.6,,100.12,,,,,,Fog
-79.4,43.63,TORONTO CITY CENTRE,6158359,11/26/2020 13:00,2020,11,26,13:00,7.6,,7.5,,99,,23,,17,,4,,100.19,,,,,,Fog
-79.4,43.63,TORONTO CITY CENTRE,6158359,11/26/2020 14:00,2020,11,26,14:00,8.1,,7.8,,98,,24,,9,,4.8,,100.23,,,,,,Fog
-79.4,43.63,TORONTO CITY CENTRE,6158359,11/26/2020 15:00,2020,11,26,15:00,10.4,,7.8,,84,,26,,21,,16.1,,100.3,,,,,,NA
-79.4,43.63,TORONTO CITY CENTRE,6158359,11/26/2020 16:00,2020,11,26,16:00,10.1,,7.3,,82,,25,,17,,16.1,,100.4,,,,,,NA
-79.4,43.63,TORONTO CITY CENTRE,6158359,11/26/2020 17:00,2020,11,26,17:00,9.3,,7.2,,87,,26,,21,,16.1,,100.48,,,,,,NA
-79.4,43.63,TORONTO CITY CENTRE,6158359,11/26/2020 18:00,2020,11,26,18:00,8.9,,6.8,,87,,27,,21,,16.1,,100.6,,,,,,NA
-79.4,43.63,TORONTO CITY CENTRE,6158359,11/26/2020 19:00,2020,11,26,19:00,8.2,,6.3,,88,,26,,17,,16.1,,100.67,,,,,,NA
-79.4,43.63,TORONTO CITY CENTRE,6158359,11/26/2020 20:00,2020,11,26,20:00,8.5,,6,,84,,27,,21,,16.1,,100.72,,,,,,NA
-79.4,43.63,TORONTO CITY CENTRE,6158359,11/26/2020 21:00,2020,11,26,21:00,8.5,,4.7,,77,,27,,21,,16.1,,100.78,,,,,,NA
-79.4,43.63,TORONTO CITY CENTRE,6158359,11/26/2020 22:00,2020,11,26,22:00,8.3,,4,,74,,27,,15,,16.1,,100.82,,,,,,NA
-79.4,43.63,TORONTO CITY CENTRE,6158359,11/26/2020 23:00,2020,11,26,23:00,6.8,,4.6,,86,,24,,11,,16.1,,100.82,,,,,,NA
-79.4,43.63,TORONTO CITY CENTRE,6158359,11/27/2020 0:00,2020,11,27,0:00,6.2,,5,,92,,23,,9,,16.1,,100.84,,,,,,NA
-79.4,43.63,TORONTO CITY CENTRE,6158359,11/27/2020 1:00,2020,11,27,1:00,6.1,,5.1,,93,,26,,8,,16.1,,100.84,,,,,,NA
-79.4,43.63,TORONTO CITY CENTRE,6158359,11/27/2020 2:00,2020,11,27,2:00,6,,5.1,,94,,21,,11,,16.1,,100.86,,,,,,NA
-79.4,43.63,TORONTO CITY CENTRE,6158359,11/27/2020 3:00,2020,11,27,3:00,6.2,,5.4,,95,,26,,8,,16.1,,100.87,,,,,,NA
-79.4,43.63,TORONTO CITY CENTRE,6158359,11/27/2020 4:00,2020,11,27,4:00,6.7,,4.6,,86,,25,,9,,16.1,,100.85,,,,,,NA
-79.4,43.63,TORONTO CITY CENTRE,6158359,11/27/2020 5:00,2020,11,27,5:00,6.2,,4.7,,90,,25,,9,,16.1,,100.84,,,,,,NA
-79.4,43.63,TORONTO CITY CENTRE,6158359,11/27/2020 6:00,2020,11,27,6:00,6.8,,4.1,,83,,26,,13,,16.1,,100.89,,,,,,NA
-79.4,43.63,TORONTO CITY CENTRE,6158359,11/27/2020 7:00,2020,11,27,7:00,6.5,,4.3,,86,,24,,11,,16.1,,100.89,,,,,,NA
-79.4,43.63,TORONTO CITY CENTRE,6158359,11/27/2020 8:00,2020,11,27,8:00,7.1,,3.7,,79,,26,,13,,16.1,,100.9,,,,,,NA
-79.4,43.63,TORONTO CITY CENTRE,6158359,11/27/2020 9:00,2020,11,27,9:00,7.5,,2.6,,71,,29,,11,,16.1,,100.95,,,,,,NA
-79.4,43.63,TORONTO CITY CENTRE,6158359,11/27/2020 10:00,2020,11,27,10:00,6.5,,4.2,,85,,20,,11,,16.1,,100.92,,,,,,NA
-79.4,43.63,TORONTO CITY CENTRE,6158359,11/27/2020 11:00,2020,11,27,11:00,6.8,,4.1,,83,,22,,15,,16.1,,100.88,,,,,,NA
-79.4,43.63,TORONTO CITY CENTRE,6158359,11/27/2020 12:00,2020,11,27,12:00,6.7,,3.7,,81,,20,,21,,16.1,,100.82,,,,,,NA
-79.4,43.63,TORONTO CITY CENTRE,6158359,11/27/2020 13:00,2020,11,27,13:00,6.7,,4.4,,85,,20,,15,,16.1,,100.75,,,,,,NA
-79.4,43.63,TORONTO CITY CENTRE,6158359,11/27/2020 14:00,2020,11,27,14:00,6.8,,4.4,,85,,23,,13,,16.1,,100.72,,,,,,NA
-79.4,43.63,TORONTO CITY CENTRE,6158359,11/27/2020 15:00,2020,11,27,15:00,6.4,,4.1,,85,,23,,15,,16.1,,100.68,,,,,,NA
-79.4,43.63,TORONTO CITY CENTRE,6158359,11/27/2020 16:00,2020,11,27,16:00,6.8,,3.8,,81,,23,,17,,16.1,,100.66,,,,,,NA
-79.4,43.63,TORONTO CITY CENTRE,6158359,11/27/2020 17:00,2020,11,27,17:00,6.7,,3.7,,81,,24,,15,,16.1,,100.64,,,,,,NA
-79.4,43.63,TORONTO CITY CENTRE,6158359,11/27/2020 18:00,2020,11,27,18:00,6.4,,3.9,,84,,24,,17,,16.1,,100.68,,,,,,NA
-79.4,43.63,TORONTO CITY CENTRE,6158359,11/27/2020 19:00,2020,11,27,19:00,6.4,,3.9,,84,,24,,18,,16.1,,100.68,,,,,,NA
-79.4,43.63,TORONTO CITY CENTRE,6158359,11/27/2020 20:00,2020,11,27,20:00,6,,4.3,,89,,24,,15,,16.1,,100.64,,,,,,NA
-79.4,43.63,TORONTO CITY CENTRE,6158359,11/27/2020 21:00,2020,11,27,21:00,6.3,,4,,85,,25,,15,,16.1,,100.64,,,,,,NA
-79.4,43.63,TORONTO CITY CENTRE,6158359,11/27/2020 22:00,2020,11,27,22:00,5.9,,4.4,,90,,23,,13,,14.5,,100.61,,,,,,NA
-79.4,43.63,TORONTO CITY CENTRE,6158359,11/27/2020 23:00,2020,11,27,23:00,5.6,,4.4,,92,,23,,9,,11.3,,100.57,,,,,,NA
-79.4,43.63,TORONTO CITY CENTRE,6158359,11/28/2020 0:00,2020,11,28,0:00,5.8,,4.1,,89,,24,,13,,14.5,,100.52,,,,,,NA
-79.4,43.63,TORONTO CITY CENTRE,6158359,11/28/2020 1:00,2020,11,28,1:00,5.7,,4,,89,,22,,13,,14.5,,100.48,,,,,,NA
-79.4,43.63,TORONTO CITY CENTRE,6158359,11/28/2020 2:00,2020,11,28,2:00,5.8,,4,,88,,24,,15,,14.5,,100.47,,,,,,NA
-79.4,43.63,TORONTO CITY CENTRE,6158359,11/28/2020 3:00,2020,11,28,3:00,5.6,,3.9,,89,,23,,15,,14.5,,100.47,,,,,,NA
-79.4,43.63,TORONTO CITY CENTRE,6158359,11/28/2020 4:00,2020,11,28,4:00,5.7,,1.6,,75,,32,,26,,16.1,,100.48,,,,,,NA
-79.4,43.63,TORONTO CITY CENTRE,6158359,11/28/2020 5:00,2020,11,28,5:00,4.6,,0.7,,76,,26,,13,,16.1,,100.5,,,,,,NA
-79.4,43.63,TORONTO CITY CENTRE,6158359,11/28/2020 6:00,2020,11,28,6:00,4.9,,0.5,,73,,28,,24,,16.1,,100.56,,,,,,NA
-79.4,43.63,TORONTO CITY CENTRE,6158359,11/28/2020 7:00,2020,11,28,7:00,4.7,,-0.7,,68,,29,,22,,16.1,,100.57,,,,,,NA
-79.4,43.63,TORONTO CITY CENTRE,6158359,11/28/2020 8:00,2020,11,28,8:00,4.1,,-1.1,,69,,30,,22,,16.1,,100.69,,,,,,NA
-79.4,43.63,TORONTO CITY CENTRE,6158359,11/28/2020 9:00,2020,11,28,9:00,4.4,,-1,,68,,27,,24,,16.1,,100.76,,,,,,NA
-79.4,43.63,TORONTO CITY CENTRE,6158359,11/28/2020 10:00,2020,11,28,10:00,5.7,,-1.2,,61,,27,,21,,16.1,,100.78,,,,,,NA
-79.4,43.63,TORONTO CITY CENTRE,6158359,11/28/2020 11:00,2020,11,28,11:00,6.5,,-1.2,,58,,28,,21,,16.1,,100.8,,,,,,NA
-79.4,43.63,TORONTO CITY CENTRE,6158359,11/28/2020 12:00,2020,11,28,12:00,6.7,,-2.6,,52,,26,,22,,16.1,,100.83,,,,,,NA
-79.4,43.63,TORONTO CITY CENTRE,6158359,11/28/2020 13:00,2020,11,28,13:00,7.4,,-2,,51,,26,,26,,16.1,,100.81,,,,,,NA
-79.4,43.63,TORONTO CITY CENTRE,6158359,11/28/2020 14:00,2020,11,28,14:00,7.5,,-0.8,,56,,25,,21,,16.1,,100.78,,,,,,NA
-79.4,43.63,TORONTO CITY CENTRE,6158359,11/28/2020 15:00,2020,11,28,15:00,6.8,,-0.6,,59,,22,,28,,16.1,,100.74,,,,,,NA
-79.4,43.63,TORONTO CITY CENTRE,6158359,11/28/2020 16:00,2020,11,28,16:00,6.1,,0.1,,65,,22,,28,,16.1,,100.7,,,,,,NA
-79.4,43.63,TORONTO CITY CENTRE,6158359,11/28/2020 17:00,2020,11,28,17:00,5.6,,0.5,,69,,23,,30,,16.1,,100.73,,,,,,NA
-79.4,43.63,TORONTO CITY CENTRE,6158359,11/28/2020 18:00,2020,11,28,18:00,5.2,,-0.2,,68,,22,,30,,16.1,,100.74,,,,,,NA
-79.4,43.63,TORONTO CITY CENTRE,6158359,11/28/2020 19:00,2020,11,28,19:00,4.9,,0.7,,74,,22,,26,,16.1,,100.72,,,,,,NA
-79.4,43.63,TORONTO CITY CENTRE,6158359,11/28/2020 20:00,2020,11,28,20:00,4.8,,0.4,,73,,23,,34,,16.1,,100.71,,,,,,NA
-79.4,43.63,TORONTO CITY CENTRE,6158359,11/28/2020 21:00,2020,11,28,21:00,4.6,,0.5,,75,,25,,26,,16.1,,100.75,,,,,,NA
-79.4,43.63,TORONTO CITY CENTRE,6158359,11/28/2020 22:00,2020,11,28,22:00,4.6,,-0.2,,71,,24,,30,,16.1,,100.75,,,,,,NA
-79.4,43.63,TORONTO CITY CENTRE,6158359,11/28/2020 23:00,2020,11,28,23:00,4.5,,-0.4,,70,,25,,26,,16.1,,100.78,,,,,,NA
-79.4,43.63,TORONTO CITY CENTRE,6158359,11/29/2020 0:00,2020,11,29,0:00,4.6,,-0.1,,72,,25,,28,,16.1,,100.75,,,,,,NA
-79.4,43.63,TORONTO CITY CENTRE,6158359,11/29/2020 1:00,2020,11,29,1:00,4.9,,-0.1,,70,,25,,28,,16.1,,100.73,,,,,,NA
-79.4,43.63,TORONTO CITY CENTRE,6158359,11/29/2020 2:00,2020,11,29,2:00,5,,-0.2,,69,,24,,30,,16.1,,100.73,,,,,,NA
-79.4,43.63,TORONTO CITY CENTRE,6158359,11/29/2020 3:00,2020,11,29,3:00,4.8,,0.1,,71,,23,,24,,16.1,,100.73,,,,,,NA
-79.4,43.63,TORONTO CITY CENTRE,6158359,11/29/2020 4:00,2020,11,29,4:00,4.7,,0.4,,74,,23,,21,,16.1,,100.7,,,,,,NA
-79.4,43.63,TORONTO CITY CENTRE,6158359,11/29/2020 5:00,2020,11,29,5:00,4.4,,-0.3,,72,,23,,22,,16.1,,100.71,,,,,,NA
-79.4,43.63,TORONTO CITY CENTRE,6158359,11/29/2020 6:00,2020,11,29,6:00,4.1,,-0.4,,73,,25,,22,,16.1,,100.7,,,,,,NA
-79.4,43.63,TORONTO CITY CENTRE,6158359,11/29/2020 7:00,2020,11,29,7:00,3.1,,-0.5,,77,,25,,17,,16.1,,100.69,,,,,,NA
-79.4,43.63,TORONTO CITY CENTRE,6158359,11/29/2020 8:00,2020,11,29,8:00,3.6,,-0.2,,76,,26,,21,,16.1,,100.71,,,,,,NA
-79.4,43.63,TORONTO CITY CENTRE,6158359,11/29/2020 9:00,2020,11,29,9:00,4.7,,0.2,,72,,25,,18,,16.1,,100.7,,,,,,NA
-79.4,43.63,TORONTO CITY CENTRE,6158359,11/29/2020 10:00,2020,11,29,10:00,5.9,,0.3,,67,,24,,15,,16.1,,100.69,,,,,,NA
-79.4,43.63,TORONTO CITY CENTRE,6158359,11/29/2020 11:00,2020,11,29,11:00,6.6,,2.3,,74,,20,,15,,16.1,,100.68,,,,,,NA
-79.4,43.63,TORONTO CITY CENTRE,6158359,11/29/2020 12:00,2020,11,29,12:00,7.9,,3.7,,75,,20,,17,,16.1,,100.59,,,,,,NA
-79.4,43.63,TORONTO CITY CENTRE,6158359,11/29/2020 13:00,2020,11,29,13:00,8.2,,4,,75,,20,,17,,16.1,,100.55,,,,,,NA
-79.4,43.63,TORONTO CITY CENTRE,6158359,11/29/2020 14:00,2020,11,29,14:00,8.4,,4.6,,77,,18,,17,,16.1,,100.49,,,,,,NA
-79.4,43.63,TORONTO CITY CENTRE,6158359,11/29/2020 15:00,2020,11,29,15:00,7.7,,4.7,,81,,18,,18,,16.1,,100.44,,,,,,NA
-79.4,43.63,TORONTO CITY CENTRE,6158359,11/29/2020 16:00,2020,11,29,16:00,7.3,,4.4,,82,,19,,22,,16.1,,100.4,,,,,,NA
-79.4,43.63,TORONTO CITY CENTRE,6158359,11/29/2020 17:00,2020,11,29,17:00,6.9,,4,,82,,20,,21,,16.1,,100.39,,,,,,NA
-79.4,43.63,TORONTO CITY CENTRE,6158359,11/29/2020 18:00,2020,11,29,18:00,6.9,,3.5,,79,,20,,22,,16.1,,100.4,,,,,,NA
-79.4,43.63,TORONTO CITY CENTRE,6158359,11/29/2020 19:00,2020,11,29,19:00,6.2,,3.4,,82,,23,,15,,16.1,,100.38,,,,,,NA
-79.4,43.63,TORONTO CITY CENTRE,6158359,11/29/2020 20:00,2020,11,29,20:00,5.8,,3.7,,86,,26,,8,,16.1,,100.37,,,,,,NA
-79.4,43.63,TORONTO CITY CENTRE,6158359,11/29/2020 21:00,2020,11,29,21:00,6.1,,3.4,,83,,,M,4,,16.1,,100.35,,,,,,NA
-79.4,43.63,TORONTO CITY CENTRE,6158359,11/29/2020 22:00,2020,11,29,22:00,5.4,,3.6,,88,,27,,4,,16.1,,100.3,,,,,,NA
-79.4,43.63,TORONTO CITY CENTRE,6158359,11/29/2020 23:00,2020,11,29,23:00,5,,2.7,,85,,26,,4,,16.1,,100.25,,,,,,NA
-79.4,43.63,TORONTO CITY CENTRE,6158359,11/30/2020 0:00,2020,11,30,0:00,3.8,,2.2,,89,,,,0,,16.1,,100.25,,,,,,NA
-79.4,43.63,TORONTO CITY CENTRE,6158359,11/30/2020 1:00,2020,11,30,1:00,5.3,,3.2,,86,,9,,9,,16.1,,100.14,,,,,,NA
-79.4,43.63,TORONTO CITY CENTRE,6158359,11/30/2020 2:00,2020,11,30,2:00,4.8,,3.5,,91,,6,,13,,16.1,,100.05,,,,,,NA
-79.4,43.63,TORONTO CITY CENTRE,6158359,11/30/2020 3:00,2020,11,30,3:00,5.8,,3.9,,88,,8,,8,,16.1,,100.05,,,,,,NA
-79.4,43.63,TORONTO CITY CENTRE,6158359,11/30/2020 4:00,2020,11,30,4:00,6.1,,4.5,,90,,6,,13,,16.1,,99.92,,,,,,NA
-79.4,43.63,TORONTO CITY CENTRE,6158359,11/30/2020 5:00,2020,11,30,5:00,5.8,,4.3,,90,,7,,9,,16.1,,99.92,,,,,,NA
-79.4,43.63,TORONTO CITY CENTRE,6158359,11/30/2020 6:00,2020,11,30,6:00,6.3,,3.6,,83,,,M,4,,16.1,,99.83,,,,,,NA
-79.4,43.63,TORONTO CITY CENTRE,6158359,11/30/2020 7:00,2020,11,30,7:00,5.8,,3.2,,83,,7,,13,,16.1,,99.75,,,,,,NA
-79.4,43.63,TORONTO CITY CENTRE,6158359,11/30/2020 8:00,2020,11,30,8:00,6.2,,2.6,,78,,7,,15,,16.1,,99.78,,,,,,Rain
-79.4,43.63,TORONTO CITY CENTRE,6158359,11/30/2020 9:00,2020,11,30,9:00,5.7,,3.3,,84,,5,,13,,14.5,,99.72,,,,,,Rain
-79.4,43.63,TORONTO CITY CENTRE,6158359,11/30/2020 10:00,2020,11,30,10:00,5.5,,3.2,,85,,4,,18,,14.5,,99.6,,,,,,Rain
-79.4,43.63,TORONTO CITY CENTRE,6158359,11/30/2020 11:00,2020,11,30,11:00,5,,3.2,,88,,3,,15,,9.7,,99.42,,,,,,"Moderate Rain,Fog"
-79.4,43.63,TORONTO CITY CENTRE,6158359,11/30/2020 12:00,2020,11,30,12:00,4.8,,2.8,,87,,2,,24,,9.7,,99.3,,,,,,"Moderate Rain,Fog"
-79.4,43.63,TORONTO CITY CENTRE,6158359,11/30/2020 13:00,2020,11,30,13:00,4.8,,2.8,,87,,2,,24,,12.9,,99.16,,,,,,Moderate Rain
-79.4,43.63,TORONTO CITY CENTRE,6158359,11/30/2020 14:00,2020,11,30,14:00,4.5,,2.8,,89,,36,,17,,14.5,,98.97,,,,,,Moderate Rain
-79.4,43.63,TORONTO CITY CENTRE,6158359,11/30/2020 15:00,2020,11,30,15:00,4.3,,2.7,,89,,34,,22,,12.9,,98.89,,,,,,Moderate Rain
-79.4,43.63,TORONTO CITY CENTRE,6158359,11/30/2020 16:00,2020,11,30,16:00,4,,2.2,,88,,35,,21,,16.1,,98.82,,,,,,Rain
-79.4,43.63,TORONTO CITY CENTRE,6158359,11/30/2020 17:00,2020,11,30,17:00,3.8,,1.9,,87,,34,,22,,16.1,,98.75,,,,,,Rain
-79.4,43.63,TORONTO CITY CENTRE,6158359,11/30/2020 18:00,2020,11,30,18:00,4,,2.4,,89,,33,,18,,9.7,,98.83,,,,,,"Rain,Fog"
-79.4,43.63,TORONTO CITY CENTRE,6158359,11/30/2020 19:00,2020,11,30,19:00,3.3,,1.7,,89,,34,,22,,12.9,,98.8,,,,,,Rain
-79.4,43.63,TORONTO CITY CENTRE,6158359,11/30/2020 20:00,2020,11,30,20:00,2.9,,1.4,,90,,32,,26,,12.9,,98.83,,,,,,Rain
-79.4,43.63,TORONTO CITY CENTRE,6158359,11/30/2020 21:00,2020,11,30,21:00,2.5,,0.9,,89,,33,,26,,6.4,,98.85,,,,,,"Rain,Fog"
-79.4,43.63,TORONTO CITY CENTRE,6158359,11/30/2020 22:00,2020,11,30,22:00,1.9,,0.4,,90,,34,,24,,9.7,,98.91,,,,,,"Rain,Fog"
-79.4,43.63,TORONTO CITY CENTRE,6158359,11/30/2020 23:00,2020,11,30,23:00,1.2,,-0.3,,90,,32,,22,,6.4,,98.9,,,,,,"Rain,Fog"
